 User Name ,Age,Account Balance ,Status
User_AB3231,,2605.08,500
User_AB2734,,2948.16,200
User_AB8971,32.0,1098.37,200
User_AB6252,19.0,3807.4,404
,39.0,4660.94,200
User_AB8400,,318.46,200
User_AB1204,47.0,458.99,200
User_AB6061,33.0,1412.02,200
User_AB5043,29.0,3691.51,404
User_AB2085,,4845.19,500
User_AB7803,28.0,2174.96,200
,45.0,122.61,200
User_AB4069,50.0,4014.1,500
User_AB1673,18.0,2277.87,404
User_AB1134,33.0,4988.41,404
User_AB5086,57.0,790.09,200
User_AB8814,25.0,4476.48,Error
User_AB1293,31.0,923.59,500
User_AB5254,42.0,4180.91,200
User_AB5954,24.0,4456.1,404
User_AB6396,46.0,501.98,200
User_AB2310,24.0,1781.09,200
User_AB2706,53.0,3817.0,200
User_AB1494,34.0,681.54,500
User_AB8180,61.0,4773.68,404
User_AB3830,40.0,4341.96,500
User_AB4429,44.0,4977.37,404
User_AB4830,19.0,2502.79,404
User_AB8431,43.0,611.37,200
User_AB4998,29.0,1231.94,500
User_AB8922,27.0,3230.17,200
User_AB1179,35.0,4177.79,200
User_AB7790,,4220.46,500
User_AB1780,56.0,1835.05,404
User_AB5961,18.0,3238.96,404
User_AB1911,22.0,1557.06,404
User_AB8668,40.0,821.2,404
User_AB2140,60.0,2593.64,200
,25.0,392.92,404
User_AB2432,49.0,1513.99,500
User_AB7930,63.0,130.14,200
User_AB3952,40.0,3654.31,200
User_AB6918,45.0,3430.36,500
,43.0,1786.69,404
User_AB5608,40.0,963.05,OK
User_AB7462,50.0,4232.86,404
User_AB4869,28.0,3254.04,500
User_AB4395,53.0,4740.5,404
User_AB2463,34.0,703.91,500
User_AB1215,53.0,4505.98,200
User_AB9995,30.0,2706.29,500
User_AB2694,38.0,2332.72,404
User_AB6213,61.0,3730.88,500
User_AB3977,39.0,4785.55,404
User_AB9349,31.0,1726.2,404
User_AB1701,,2300.66,404
User_AB9205,45.0,1259.11,200
User_AB3758,30.0,4202.49,200
User_AB4230,18.0,2930.23,500
User_AB6737,21.0,3646.33,200
User_AB6249,20.0,408.17,200
User_AB5346,58.0,3757.16,500
User_AB5265,28.0,1465.79,500
User_AB4264,51.0,502.76,500
User_AB4919,63.0,3831.86,500
User_AB4783,48.0,3517.93,200
User_AB3132,40.0,1581.25,500
User_AB5943,64.0,1942.65,500
User_AB3188,22.0,3695.59,200
User_AB4002,42.0,468.32,OK
User_AB6975,,3917.33,200
User_AB4744,39.0,1742.53,200
User_AB6167,36.0,4361.51,404
User_AB1634,30.0,806.63,500
User_AB4683,36.0,4772.51,404
User_AB8444,24.0,1880.54,500
User_AB4108,41.0,217.21,200
User_AB1078,40.0,3797.79,404
User_AB7462,62.0,686.63,404
User_AB1772,44.0,892.18,404
User_AB6686,50.0,4549.59,200
,27.0,2666.49,200
User_AB2034,24.0,1938.92,404
User_AB6500,19.0,4549.74,500
User_AB2831,,4875.25,404
User_AB3392,38.0,1383.33,500
User_AB3940,50.0,1923.33,500
User_AB9123,50.0,473.84,Error
User_AB8403,54.0,665.15,500
User_AB3204,29.0,1298.96,500
User_AB3949,33.0,2595.09,200
User_AB5804,,841.65,500
User_AB9877,26.0,385.27,404
,44.0,4477.43,404
User_AB7812,30.0,1145.31,404
User_AB3110,47.0,2836.11,200
User_AB7790,23.0,3690.7,Pending
User_AB3947,54.0,4781.58,404
User_AB3510,,1374.74,500
User_AB1208,42.0,402.52,200
User_AB8113,43.0,1475.27,Error
User_AB5858,51.0,4500.23,500
User_AB2705,49.0,3137.7,200
User_AB6858,55.0,4164.6,404
User_AB2579,34.0,539.64,200
User_AB3526,24.0,1885.79,200
User_AB6464,60.0,687.18,200
User_AB2817,51.0,3550.03,500
User_AB5993,64.0,4553.82,404
User_AB9425,39.0,4972.0,404
User_AB2208,51.0,1587.42,200
User_AB5842,40.0,270.67,404
User_AB6762,39.0,3092.03,404
User_AB9756,20.0,2187.13,200
User_AB1368,58.0,1222.87,500
User_AB6837,35.0,1166.02,404
User_AB7353,58.0,3276.51,404
User_AB9677,56.0,402.83,200
User_AB5162,37.0,4196.69,200
User_AB5468,32.0,269.91,404
User_AB8685,30.0,1162.3,404
User_AB9691,59.0,4623.26,200
User_AB6982,45.0,1144.86,404
User_AB7183,52.0,1120.8,200
User_AB8685,30.0,1162.3,404
User_AB9522,25.0,4013.42,200
User_AB7097,54.0,3527.44,500
User_AB7730,19.0,1458.58,404
User_AB6287,65.0,2557.72,404
User_AB5485,37.0,936.8,404
User_AB9335,35.0,1855.14,500
User_AB2591,28.0,3825.18,200
User_AB2100,19.0,2758.48,200
User_AB4517,,2270.32,500
User_AB9552,,962.21,200
User_AB4057,34.0,1770.11,500
User_AB3420,24.0,3337.06,500
User_AB4715,42.0,3491.63,200
User_AB6635,53.0,1662.23,500
User_AB7256,65.0,150.42,200
User_AB6991,30.0,748.48,404
User_AB6607,47.0,2690.94,200
User_AB9686,63.0,4635.84,200
User_AB6295,36.0,4338.26,500
User_AB7222,19.0,133.35,200
User_AB5753,40.0,4852.44,500
,23.0,2488.42,500
User_AB6678,51.0,324.72,404
User_AB6852,53.0,3340.98,500
User_AB3226,36.0,4687.46,500
User_AB2188,,2922.7,500
User_AB6843,38.0,3448.9,404
User_AB7878,43.0,2641.88,500
User_AB7908,24.0,4540.45,500
User_AB3996,36.0,417.28,200
User_AB3255,59.0,2354.71,500
User_AB5105,28.0,3727.93,200
User_AB8843,42.0,2428.8,404
User_AB9564,33.0,4175.73,500
User_AB1813,60.0,4930.48,500
User_AB3014,32.0,1538.78,200
User_AB6626,52.0,4646.22,404
User_AB2910,55.0,2366.19,404
User_AB7719,23.0,4164.3,500
User_AB4420,,2185.9,500
User_AB9664,34.0,4980.96,500
User_AB7821,,460.87,200
User_AB3957,,1366.12,404
User_AB4983,28.0,2065.29,200
User_AB1722,,711.51,500
User_AB9707,63.0,2772.94,404
User_AB8609,31.0,4035.2,200
User_AB8624,53.0,350.0,404
User_AB5961,,2211.21,200
User_AB1121,22.0,4262.85,500
User_AB5090,27.0,1238.87,404
User_AB3959,28.0,4391.68,200
User_AB5184,26.0,925.45,200
User_AB8198,59.0,4702.23,500
User_AB8227,58.0,4140.93,500
User_AB2407,53.0,4415.34,404
User_AB9034,25.0,1207.09,500
,23.0,1074.72,200
User_AB7163,29.0,2775.01,500
,25.0,409.91,500
User_AB4532,46.0,758.89,500
User_AB3161,55.0,3627.23,404
User_AB8941,29.0,3190.78,200
User_AB6081,45.0,789.23,500
User_AB6096,57.0,4406.79,404
User_AB4352,56.0,4521.65,404
User_AB4079,46.0,2654.32,200
User_AB7383,55.0,4664.0,500
User_AB3412,50.0,3934.34,200
User_AB3356,24.0,4996.56,200
User_AB2775,55.0,4902.86,OK
User_AB3558,44.0,1436.78,200
User_AB3644,47.0,1444.59,200
User_AB7391,65.0,1836.73,OK
User_AB3898,20.0,1954.02,500
User_AB6856,40.0,815.93,200
User_AB1370,27.0,3079.11,500
User_AB1553,38.0,1924.58,200
User_AB9451,49.0,581.91,500
User_AB9356,25.0,3709.95,404
User_AB8613,43.0,536.67,200
User_AB2007,27.0,4752.23,500
User_AB8943,53.0,3180.33,200
User_AB9627,34.0,1531.48,200
User_AB6205,19.0,4069.61,404
User_AB6371,55.0,2705.96,200
User_AB3851,23.0,3382.57,500
User_AB4214,36.0,3490.98,404
User_AB5826,30.0,3399.39,200
User_AB5836,34.0,923.44,500
User_AB5446,25.0,974.09,500
User_AB7279,29.0,3644.93,500
User_AB4073,45.0,4646.17,404
User_AB2174,44.0,1709.47,404
User_AB9408,45.0,4587.24,500
User_AB8559,59.0,1741.74,200
User_AB6463,32.0,1991.32,500
User_AB7728,31.0,4762.5,404
User_AB9682,33.0,1253.73,404
User_AB1407,24.0,2956.28,Pending
User_AB9893,49.0,4072.29,200
User_AB5388,42.0,2213.74,404
User_AB3776,60.0,511.0,200
User_AB7545,42.0,3382.08,404
User_AB5450,53.0,3499.03,200
User_AB7162,41.0,2916.25,404
User_AB5981,22.0,1259.15,404
User_AB6031,31.0,3353.03,500
User_AB5870,54.0,382.01,404
User_AB3556,,2998.59,200
User_AB8979,23.0,2109.09,500
User_AB7750,46.0,2213.5,500
User_AB8316,62.0,4995.23,500
User_AB7317,40.0,1908.12,200
User_AB1617,18.0,4329.12,500
,51.0,2383.31,500
User_AB2307,56.0,3025.74,200
,64.0,111.34,404
,32.0,445.82,404
User_AB4593,23.0,3192.56,500
User_AB4284,50.0,771.24,500
User_AB8572,56.0,4407.46,500
User_AB2010,33.0,4114.49,200
User_AB2076,42.0,3485.86,200
User_AB2715,37.0,2582.54,404
User_AB2158,58.0,4391.24,200
,52.0,2865.24,500
User_AB4161,,3510.26,404
User_AB7628,57.0,3088.35,404
User_AB5564,,188.1,500
User_AB3042,65.0,2398.1,200
User_AB9865,21.0,4231.18,404
User_AB8041,25.0,3852.7,200
User_AB8696,57.0,2468.22,200
User_AB2496,34.0,391.47,500
User_AB3846,48.0,3949.15,200
User_AB9951,52.0,2181.75,200
User_AB8610,47.0,2271.6,404
User_AB8095,,1233.19,200
User_AB7751,,1530.81,404
User_AB3233,42.0,3346.24,200
User_AB5217,40.0,4781.77,404
User_AB1670,21.0,130.72,404
User_AB9526,50.0,137.66,404
User_AB3843,55.0,4889.08,200
User_AB5590,38.0,2476.98,200
User_AB6839,37.0,997.36,404
User_AB9003,29.0,531.35,200
User_AB7233,27.0,700.21,404
User_AB4441,40.0,1836.95,500
User_AB7871,19.0,4431.08,500
User_AB2240,39.0,3936.92,500
User_AB2503,22.0,2698.42,500
User_AB8400,,318.46,200
User_AB3793,20.0,3090.65,200
User_AB8799,,2864.24,200
User_AB7917,65.0,3007.63,200
User_AB8772,,1795.02,200
User_AB4594,52.0,3001.68,200
User_AB7628,28.0,806.93,200
User_AB1436,62.0,3581.4,200
User_AB8185,51.0,1711.79,200
User_AB1245,26.0,4483.28,404
User_AB8112,41.0,4528.38,200
User_AB1586,52.0,2791.18,404
,65.0,4045.66,200
,34.0,3987.93,404
User_AB9828,44.0,2523.86,500
User_AB6545,39.0,3414.71,500
User_AB1953,58.0,2615.4,200
User_AB6023,25.0,4242.3,200
User_AB4964,46.0,964.37,Error
User_AB8446,44.0,2889.53,404
User_AB4059,,1708.18,404
User_AB9241,51.0,247.59,404
User_AB1569,25.0,3596.05,404
User_AB3094,30.0,1639.62,200
User_AB5756,35.0,3275.49,500
User_AB9835,,1243.04,500
User_AB2083,18.0,2592.88,404
User_AB7802,58.0,3896.79,200
User_AB4519,53.0,2454.06,500
User_AB7599,50.0,4119.13,404
User_AB9709,45.0,1177.26,404
User_AB7807,28.0,1368.81,404
User_AB6951,,2407.87,200
User_AB8899,34.0,1409.08,200
User_AB2819,30.0,2436.94,Pending
User_AB9327,48.0,1238.18,500
User_AB4208,59.0,2873.17,200
User_AB1766,44.0,2359.26,200
User_AB2241,46.0,3679.73,500
User_AB4459,55.0,2986.31,404
User_AB8801,43.0,1629.23,200
User_AB2891,61.0,927.4,200
User_AB6021,45.0,2286.05,200
User_AB9941,45.0,3967.14,404
User_AB9722,,4881.18,404
User_AB2610,41.0,1851.49,500
User_AB3326,35.0,936.75,Pending
User_AB3830,40.0,4341.96,500
User_AB3227,25.0,4017.67,200
User_AB6829,23.0,3062.65,200
User_AB7008,52.0,2312.32,500
User_AB9077,56.0,676.65,500
User_AB1059,43.0,1237.36,Pending
User_AB3547,38.0,972.01,404
User_AB9499,44.0,1788.39,404
User_AB1748,19.0,3394.51,500
User_AB8619,33.0,2291.84,OK
User_AB9974,21.0,4817.29,500
User_AB8412,36.0,4028.63,404
User_AB1826,62.0,4904.89,500
User_AB9166,32.0,1988.48,500
User_AB8029,51.0,3314.4,200
User_AB6973,43.0,3173.84,404
User_AB2328,31.0,1127.61,500
User_AB6162,22.0,250.66,404
,,3211.22,500
User_AB7956,41.0,465.88,200
User_AB8653,22.0,425.35,404
User_AB6033,,2752.38,404
User_AB5879,61.0,3423.62,500
User_AB4234,31.0,1710.59,Error
User_AB7068,47.0,1708.4,200
User_AB1339,51.0,3045.82,200
User_AB1640,41.0,4191.97,500
User_AB6466,56.0,4630.18,200
User_AB7194,39.0,486.4,404
User_AB5466,39.0,4004.49,500
User_AB8769,27.0,1952.14,404
User_AB9274,33.0,3148.78,404
User_AB9552,,962.21,200
User_AB6077,45.0,4533.52,500
User_AB1746,52.0,824.82,200
User_AB5624,50.0,420.51,200
User_AB1741,28.0,1894.37,404
User_AB3650,27.0,3189.81,500
User_AB1560,47.0,4082.4,500
User_AB1080,29.0,4319.46,500
User_AB4683,,1199.85,Error
User_AB4946,24.0,3493.34,200
User_AB2870,46.0,207.83,200
User_AB4461,,4933.67,200
User_AB5818,24.0,1353.5,404
User_AB1339,38.0,682.76,500
User_AB5969,40.0,3918.97,500
User_AB3058,34.0,2719.47,500
User_AB1238,47.0,4368.39,200
User_AB8769,27.0,1952.14,404
User_AB9721,54.0,4043.07,404
User_AB8651,57.0,3568.01,500
User_AB8669,62.0,899.99,404
User_AB7925,,3169.56,500
User_AB8151,55.0,626.46,200
User_AB8212,,1726.5,200
,62.0,1407.69,OK
User_AB6795,,815.91,200
User_AB8624,,3672.62,200
User_AB9180,43.0,896.9,200
User_AB6647,41.0,2696.89,OK
User_AB5244,27.0,1091.04,404
User_AB6733,34.0,4274.17,500
,,674.16,500
User_AB5343,22.0,2142.33,404
User_AB9985,23.0,1107.81,200
,,763.74,404
User_AB1032,,3899.26,404
User_AB9455,33.0,707.91,200
User_AB9358,65.0,1051.68,404
User_AB2775,59.0,1426.74,404
User_AB4840,18.0,540.06,500
User_AB6289,43.0,4009.27,200
User_AB4336,36.0,1846.21,500
User_AB9387,58.0,2196.34,200
User_AB8773,,2249.77,404
User_AB8934,49.0,1730.72,200
User_AB1359,46.0,1841.04,404
User_AB3419,25.0,1954.9,200
User_AB9349,24.0,1962.59,500
User_AB1891,47.0,429.53,404
User_AB3173,50.0,4659.18,404
User_AB3850,53.0,2034.65,500
User_AB1377,49.0,1815.01,404
User_AB8491,65.0,3048.13,200
,46.0,4469.29,404
User_AB5608,24.0,1412.27,404
User_AB1645,60.0,4723.32,500
User_AB6960,34.0,459.87,404
User_AB2390,54.0,4282.06,200
User_AB5167,20.0,3184.33,500
User_AB4206,52.0,4388.7,500
User_AB6516,63.0,3921.52,500
User_AB5626,34.0,985.01,404
User_AB9396,24.0,1758.28,500
User_AB9698,39.0,2530.14,200
User_AB1676,54.0,1771.48,200
User_AB1591,34.0,198.39,500
User_AB3122,25.0,1534.68,404
User_AB1627,,3709.01,404
User_AB8171,63.0,4766.31,200
User_AB2636,35.0,1343.7,404
User_AB3862,22.0,3004.18,200
User_AB8009,54.0,4275.72,404
User_AB2626,52.0,4372.65,200
User_AB5855,28.0,686.11,500
User_AB9868,47.0,4335.95,404
User_AB1094,21.0,620.92,200
User_AB8402,,1313.34,200
User_AB7707,55.0,1289.0,500
User_AB1556,50.0,2029.68,200
User_AB7699,27.0,3878.12,404
User_AB5974,43.0,417.54,200
User_AB5431,47.0,3605.29,404
User_AB3851,,4461.96,500
User_AB5361,18.0,773.61,500
User_AB2346,45.0,3063.21,404
User_AB6793,45.0,2893.31,404
User_AB5186,52.0,2297.09,200
User_AB3617,,699.33,200
User_AB1151,34.0,2664.34,404
User_AB4687,50.0,3596.88,500
User_AB6439,57.0,2054.55,404
User_AB3482,59.0,196.14,500
User_AB6702,36.0,2668.01,200
User_AB2769,19.0,1947.47,404
User_AB2384,34.0,2060.96,404
User_AB1168,,2129.08,404
User_AB2019,64.0,1305.27,500
User_AB7372,42.0,1441.66,200
User_AB1558,28.0,3167.01,404
User_AB8799,52.0,1012.95,500
User_AB2839,30.0,3589.63,500
User_AB9426,39.0,1372.48,200
User_AB4849,58.0,2839.54,500
User_AB4361,23.0,3615.19,404
User_AB5371,39.0,3491.64,404
User_AB3855,33.0,2766.75,500
User_AB1277,37.0,3300.08,404
User_AB6064,24.0,2334.99,200
User_AB9735,34.0,546.06,500
User_AB9370,42.0,412.76,500
User_AB8736,63.0,941.35,500
User_AB5419,39.0,1525.83,404
User_AB4503,56.0,161.12,500
User_AB1823,50.0,1818.75,500
User_AB1416,59.0,333.86,500
User_AB5260,55.0,2688.03,404
User_AB2454,60.0,1968.27,200
User_AB1324,20.0,767.72,404
User_AB2361,36.0,4009.62,404
User_AB2525,60.0,1643.82,404
User_AB9481,54.0,3711.61,404
User_AB1235,24.0,618.91,Pending
User_AB5481,59.0,1218.74,500
User_AB2863,60.0,3900.3,404
User_AB5006,31.0,1055.82,500
User_AB8469,,1367.55,500
User_AB4124,24.0,4640.39,500
User_AB3171,33.0,257.38,200
User_AB9069,42.0,3452.01,500
User_AB3979,61.0,4180.6,200
User_AB9678,61.0,4323.51,200
User_AB6609,34.0,2058.26,200
User_AB3214,41.0,4406.53,200
User_AB9002,,1372.89,200
,41.0,3557.73,200
User_AB8948,,4212.13,404
User_AB8751,47.0,2242.58,200
User_AB5984,54.0,3982.31,200
User_AB6420,34.0,4273.1,200
User_AB1533,,3610.71,500
User_AB7073,58.0,344.41,404
User_AB6400,62.0,1901.27,200
User_AB1993,58.0,4648.22,500
User_AB8267,20.0,198.2,404
User_AB5505,29.0,4461.03,404
User_AB6867,34.0,3813.35,404
User_AB3294,29.0,2786.47,Pending
,30.0,1391.36,Error
User_AB6429,33.0,1816.67,404
User_AB6932,65.0,3793.77,404
User_AB8170,26.0,4831.3,200
User_AB9277,30.0,1167.6,500
User_AB1731,,3243.69,500
User_AB6724,25.0,1902.88,200
User_AB9801,,3755.99,500
,41.0,3001.85,200
User_AB8312,23.0,3299.37,404
User_AB1308,30.0,3246.21,404
User_AB1721,59.0,4936.5,500
User_AB8596,33.0,772.38,404
User_AB2239,35.0,4064.49,200
User_AB7748,45.0,3788.39,404
User_AB3571,39.0,1781.7,404
User_AB6217,33.0,3858.91,200
User_AB2587,41.0,3619.77,404
User_AB4767,58.0,443.49,200
User_AB3773,19.0,3182.2,404
User_AB2922,21.0,286.85,500
User_AB5232,19.0,228.0,500
User_AB2657,27.0,3214.72,404
User_AB4933,54.0,3217.68,OK
User_AB5770,47.0,4136.97,500
User_AB6088,,3375.1,200
User_AB4155,26.0,2480.84,200
,40.0,1869.51,200
User_AB1449,44.0,2603.13,500
User_AB7331,36.0,2152.09,200
User_AB5313,42.0,4466.83,500
User_AB6266,22.0,2849.85,500
User_AB5126,53.0,3284.8,200
,27.0,1684.37,404
User_AB7720,50.0,3369.14,200
User_AB9320,65.0,3368.42,500
User_AB4433,46.0,1527.9,500
User_AB1400,34.0,3157.57,404
User_AB5613,22.0,2342.47,200
User_AB6039,27.0,2925.87,200
User_AB6757,51.0,2461.38,200
User_AB4783,35.0,2418.43,200
User_AB7737,64.0,3403.22,200
User_AB6334,38.0,1454.67,500
User_AB9470,54.0,3346.63,404
User_AB6620,53.0,4041.48,404
User_AB9661,,2136.27,500
User_AB2530,37.0,757.66,500
User_AB4783,64.0,820.03,500
User_AB3790,27.0,856.63,404
User_AB6543,57.0,2938.05,500
User_AB6580,49.0,108.52,500
User_AB1799,31.0,375.86,404
User_AB8472,55.0,2273.05,404
User_AB8718,44.0,2349.75,200
User_AB7054,22.0,3357.11,404
User_AB8928,26.0,2116.87,200
User_AB9755,34.0,4801.11,404
User_AB3938,43.0,1590.37,404
User_AB7889,21.0,1534.16,200
User_AB2266,,1059.93,404
User_AB5415,37.0,2054.85,200
User_AB3171,29.0,1388.91,500
User_AB4737,21.0,3799.38,500
User_AB7316,65.0,4536.56,404
User_AB4819,25.0,1343.95,404
User_AB4117,21.0,1414.72,404
User_AB8120,33.0,4290.25,OK
User_AB8360,21.0,3050.87,200
User_AB5449,40.0,2239.5,404
User_AB6293,65.0,2866.32,500
User_AB2938,49.0,1665.77,200
User_AB9804,28.0,3465.37,200
User_AB8909,18.0,3981.37,500
User_AB3923,59.0,3454.6,500
User_AB8897,,2028.46,500
User_AB6530,24.0,1537.74,200
User_AB3157,40.0,357.84,200
User_AB2005,19.0,1035.8,200
User_AB6850,22.0,2357.87,500
User_AB5667,,2797.18,500
User_AB1264,26.0,711.85,404
User_AB5827,36.0,2715.8,500
User_AB9107,34.0,1398.52,404
User_AB1533,,3610.71,500
User_AB2537,30.0,1101.39,200
User_AB1426,20.0,2469.98,200
User_AB3928,40.0,2787.4,200
User_AB1986,23.0,1059.28,500
,51.0,3917.79,500
,21.0,127.41,200
User_AB7982,45.0,515.32,500
User_AB6292,,3644.91,Error
User_AB7831,20.0,2561.09,500
User_AB2912,43.0,1017.4,200
User_AB6832,24.0,1757.94,200
User_AB4532,46.0,758.89,500
User_AB3210,,2450.78,404
User_AB4412,40.0,1908.56,404
User_AB7051,64.0,2810.07,500
User_AB7893,21.0,4610.62,404
User_AB5763,64.0,2915.57,200
User_AB4356,22.0,1849.97,200
User_AB2181,42.0,1024.74,200
User_AB5807,52.0,1443.17,500
User_AB3287,46.0,2576.92,500
User_AB7194,49.0,2686.97,200
User_AB2097,58.0,4828.24,404
User_AB3958,44.0,269.72,200
User_AB1620,46.0,4565.35,200
User_AB8717,65.0,151.5,200
User_AB1626,29.0,205.08,404
User_AB2497,43.0,1236.51,200
User_AB7174,48.0,4594.52,200
User_AB6389,65.0,344.7,500
User_AB8924,35.0,299.67,200
User_AB9415,21.0,3567.31,500
User_AB8506,,3194.07,500
User_AB3081,,4224.19,404
User_AB6195,37.0,4253.68,200
User_AB8443,64.0,2675.93,500
User_AB8138,36.0,3471.99,404
User_AB8609,52.0,199.54,500
User_AB2092,25.0,2960.28,Error
User_AB4325,24.0,3431.66,404
User_AB1356,57.0,1958.89,200
User_AB5796,57.0,2723.12,500
User_AB7571,35.0,366.02,200
User_AB9021,36.0,4387.42,500
User_AB4701,18.0,1721.59,200
User_AB5524,39.0,2367.6,404
User_AB5432,41.0,3958.76,404
User_AB6289,43.0,4009.27,200
User_AB7451,39.0,1916.92,500
User_AB6607,43.0,582.38,200
User_AB2071,20.0,1287.79,404
User_AB1354,32.0,4332.92,404
User_AB4202,37.0,4738.4,404
User_AB8487,56.0,3394.71,404
User_AB9128,30.0,584.07,500
User_AB8011,52.0,4800.59,200
User_AB8914,61.0,1565.06,500
User_AB9177,62.0,2928.53,404
User_AB6871,32.0,2440.4,404
User_AB1708,23.0,1428.33,OK
User_AB8523,39.0,2044.47,404
User_AB5691,41.0,4684.17,Error
User_AB1656,26.0,4475.48,Pending
User_AB7323,57.0,1411.67,200
User_AB7139,54.0,2818.64,404
User_AB9387,34.0,523.68,500
User_AB6765,27.0,3551.36,500
User_AB1423,42.0,306.13,500
User_AB7678,29.0,755.48,404
User_AB4546,19.0,1231.97,200
User_AB4988,61.0,2826.2,500
User_AB5075,47.0,4478.77,404
User_AB3059,58.0,2933.61,200
User_AB9814,26.0,4569.0,404
User_AB3779,64.0,4945.33,200
User_AB3173,25.0,4970.01,200
User_AB8432,54.0,4881.55,404
User_AB2472,64.0,1871.34,500
User_AB1528,62.0,4530.69,404
User_AB5543,,1466.02,200
User_AB1364,59.0,1710.28,500
User_AB5010,24.0,2030.04,200
,26.0,3068.02,200
User_AB3529,36.0,1528.91,200
User_AB4855,,2406.72,200
User_AB9846,51.0,1173.35,500
User_AB1690,45.0,1250.84,200
User_AB2480,47.0,3834.91,OK
User_AB3561,53.0,2910.73,200
User_AB6166,49.0,3145.25,200
User_AB5171,24.0,4212.47,404
User_AB1579,34.0,305.24,404
User_AB2724,,980.05,404
,65.0,1022.4,200
User_AB7521,58.0,1064.36,404
User_AB9254,30.0,4964.71,404
User_AB9094,27.0,1630.64,500
User_AB5671,35.0,3213.66,404
User_AB2916,41.0,882.87,500
User_AB6114,27.0,2895.65,404
User_AB6881,65.0,4351.08,500
User_AB5303,49.0,2647.8,200
User_AB5702,31.0,1656.55,404
User_AB6531,31.0,1779.98,500
User_AB1597,24.0,4874.16,404
User_AB7010,33.0,3688.15,200
User_AB2418,46.0,2466.78,500
User_AB6310,58.0,4054.65,Pending
User_AB1176,35.0,3936.46,404
User_AB4140,18.0,3389.75,500
User_AB1609,48.0,266.78,200
User_AB5058,37.0,4803.79,200
User_AB4963,49.0,2953.33,500
User_AB1703,43.0,2608.23,404
User_AB6283,52.0,1548.09,Error
User_AB6893,22.0,2012.19,500
,58.0,2198.63,500
,,4574.55,500
User_AB4712,28.0,2754.31,200
User_AB3744,52.0,4717.99,200
User_AB7885,53.0,2306.56,OK
User_AB7963,59.0,566.42,500
User_AB7614,46.0,1490.55,200
User_AB1586,44.0,1048.23,500
User_AB8071,63.0,4807.22,200
User_AB4061,31.0,1950.94,404
User_AB3253,29.0,899.16,500
User_AB3717,37.0,1434.23,200
User_AB3539,19.0,2951.5,404
User_AB9548,48.0,1699.63,500
User_AB1602,,4252.03,404
User_AB7518,24.0,1289.15,200
User_AB5662,39.0,4629.41,200
,21.0,3295.93,500
User_AB1516,63.0,4024.98,404
User_AB8520,35.0,2040.52,200
User_AB9985,39.0,2423.61,200
,29.0,1214.38,404
User_AB9532,46.0,1617.5,OK
User_AB3339,,1926.54,500
User_AB9135,53.0,3579.55,500
User_AB8272,36.0,932.73,404
User_AB7446,51.0,1997.31,500
User_AB6371,55.0,2705.96,200
User_AB6865,35.0,970.19,404
User_AB3394,51.0,2843.1,200
User_AB1438,38.0,3344.36,500
User_AB3760,29.0,4014.18,404
User_AB7890,53.0,4639.71,500
User_AB1213,47.0,1473.11,500
User_AB2900,55.0,624.85,200
User_AB1666,58.0,2886.22,500
User_AB3921,52.0,1963.58,200
User_AB3504,35.0,2845.36,500
User_AB3496,53.0,4661.12,404
User_AB2049,21.0,4710.65,200
User_AB2097,20.0,4511.76,500
User_AB4463,60.0,3131.12,404
User_AB8704,,662.52,404
User_AB3505,48.0,2165.07,404
User_AB9998,34.0,1770.96,404
User_AB7651,64.0,2630.41,500
User_AB4765,59.0,1939.57,200
User_AB1011,32.0,1286.75,500
User_AB5785,,1998.01,500
User_AB4637,22.0,4656.67,200
User_AB3615,63.0,993.92,200
User_AB6399,30.0,2936.26,404
User_AB4443,61.0,3727.09,404
User_AB6785,,735.64,500
User_AB8160,47.0,2744.86,404
User_AB8236,58.0,4794.31,404
User_AB6856,,926.94,200
User_AB7323,46.0,3533.76,200
User_AB3595,20.0,897.42,404
User_AB8608,60.0,472.09,404
User_AB7171,,3125.21,500
User_AB2478,65.0,4815.05,500
User_AB2031,48.0,1938.03,404
User_AB8306,44.0,3587.02,404
User_AB9296,22.0,4210.88,500
User_AB7620,53.0,4718.69,200
User_AB1012,35.0,860.51,OK
User_AB7502,45.0,962.66,200
User_AB3143,57.0,4491.28,404
User_AB3219,25.0,2450.8,404
User_AB8490,53.0,4383.0,500
User_AB4236,65.0,1494.9,500
User_AB4079,46.0,2654.32,200
User_AB1115,27.0,2002.46,200
User_AB4304,,907.09,404
User_AB5873,38.0,4697.26,404
User_AB4287,62.0,4887.61,500
User_AB1829,33.0,3501.32,404
User_AB6868,41.0,3993.74,404
User_AB9352,35.0,1404.74,404
User_AB1401,44.0,2077.69,200
User_AB4716,49.0,2704.75,200
User_AB1680,64.0,764.19,500
User_AB2085,,4845.19,500
User_AB8743,29.0,1172.02,200
User_AB3228,63.0,616.68,500
User_AB6699,55.0,2684.55,500
User_AB3308,59.0,4652.44,200
User_AB9754,62.0,4399.51,200
User_AB3786,61.0,992.94,OK
User_AB6915,65.0,3691.24,200
User_AB9349,24.0,1962.59,500
User_AB9895,37.0,2539.7,404
User_AB3270,20.0,4887.57,200
User_AB2994,,927.42,200
User_AB3538,42.0,2657.54,404
User_AB5462,21.0,1376.31,200
User_AB3773,33.0,3211.3,500
User_AB5087,29.0,1961.74,200
User_AB2926,24.0,3776.45,200
User_AB4616,47.0,4812.75,200
User_AB6205,24.0,4072.34,500
User_AB1656,,4049.86,404
User_AB2529,39.0,4248.32,500
User_AB6571,,1277.63,500
User_AB2580,42.0,361.65,404
User_AB8461,,439.94,200
User_AB7337,39.0,4642.91,404
User_AB8119,25.0,4405.69,200
User_AB4137,,4206.73,404
User_AB3598,50.0,1997.75,404
User_AB8971,44.0,464.4,200
User_AB5808,29.0,4784.69,404
User_AB9673,,3292.53,200
User_AB7889,18.0,1592.74,200
User_AB9250,43.0,2794.85,200
User_AB2841,62.0,2594.81,404
User_AB2419,46.0,2677.78,200
User_AB4771,51.0,2663.82,200
User_AB2586,,2696.77,404
User_AB5820,55.0,3588.75,200
,64.0,390.72,404
User_AB4725,58.0,2374.47,500
User_AB4255,18.0,3285.38,500
User_AB6080,27.0,1125.58,200
User_AB3465,47.0,1324.07,200
,,2539.79,404
User_AB8326,64.0,609.99,500
User_AB2568,31.0,1065.52,500
User_AB6205,39.0,3232.96,404
User_AB4425,,4000.96,404
User_AB3119,63.0,397.37,Error
User_AB3815,31.0,2665.73,200
User_AB9318,47.0,1932.93,404
User_AB2192,35.0,2320.59,404
User_AB8354,60.0,3354.86,404
User_AB9953,28.0,4574.14,200
User_AB9272,54.0,1611.15,404
User_AB3486,34.0,2288.91,404
User_AB6353,21.0,1162.12,404
User_AB5795,23.0,1590.71,200
User_AB2771,29.0,3521.99,200
User_AB4947,24.0,4517.17,500
User_AB9167,33.0,3051.54,200
User_AB8258,32.0,4649.61,404
User_AB1721,41.0,3792.16,200
User_AB2937,24.0,4578.29,200
User_AB2257,54.0,1657.55,404
User_AB4089,38.0,4322.3,Pending
User_AB9473,59.0,4996.04,500
,43.0,4232.28,200
User_AB1161,54.0,3122.86,404
User_AB6690,65.0,1630.06,200
User_AB3064,30.0,345.25,404
User_AB2643,58.0,3778.87,404
User_AB7466,37.0,4028.57,200
User_AB5871,54.0,4963.83,404
User_AB5370,56.0,3311.81,404
User_AB4525,22.0,4200.58,404
User_AB1728,,2289.26,500
User_AB9435,44.0,216.11,500
User_AB6769,19.0,2662.54,404
User_AB7701,21.0,444.99,500
User_AB9428,29.0,2689.49,200
User_AB1292,42.0,3741.91,500
User_AB1866,24.0,2700.87,200
User_AB7315,18.0,4538.99,404
User_AB2154,48.0,1910.3,200
User_AB3779,45.0,3197.53,404
User_AB6272,,3669.95,500
User_AB9350,,2228.07,200
User_AB6573,18.0,1127.66,200
User_AB1165,53.0,1318.76,404
User_AB8504,51.0,2420.95,404
User_AB1169,39.0,3670.74,200
User_AB2581,41.0,3338.78,500
User_AB5540,57.0,2383.51,500
User_AB9947,42.0,1996.07,404
,47.0,1484.89,500
User_AB6865,55.0,1640.93,500
User_AB3773,36.0,2815.33,200
User_AB5676,51.0,154.83,500
User_AB4591,29.0,2395.46,200
,38.0,1064.16,500
User_AB5838,58.0,3946.42,Error
User_AB6390,59.0,1614.84,404
User_AB3334,54.0,2498.6,500
User_AB8516,61.0,4194.93,500
User_AB7910,49.0,1606.08,404
User_AB5622,25.0,1318.96,200
User_AB7231,,3273.97,200
User_AB4587,30.0,1642.37,500
User_AB2348,46.0,3232.55,500
,52.0,2273.2,404
User_AB6540,37.0,1503.32,200
User_AB3088,34.0,3007.26,200
User_AB6676,29.0,3666.63,200
User_AB1527,53.0,2714.91,500
User_AB5878,46.0,800.9,200
User_AB4864,27.0,1930.01,500
User_AB2795,45.0,3803.97,OK
User_AB3954,24.0,614.8,OK
User_AB9356,44.0,3426.74,500
User_AB7833,56.0,4585.58,OK
User_AB1786,42.0,4820.53,404
User_AB5216,52.0,4937.81,404
User_AB7181,,3121.66,500
User_AB7714,,4145.21,200
,53.0,3622.09,404
,46.0,1587.74,200
User_AB1785,25.0,4580.2,200
User_AB1136,,294.61,404
User_AB7741,53.0,1062.93,500
User_AB8323,29.0,3340.09,200
,63.0,4026.86,404
User_AB4697,48.0,4140.67,200
User_AB2743,31.0,3343.14,404
User_AB3959,,1373.45,404
,,1638.25,500
User_AB4343,,114.15,200
User_AB6887,62.0,3666.05,200
User_AB7476,20.0,489.25,404
User_AB8681,42.0,3634.48,200
User_AB3434,51.0,2214.89,404
User_AB5249,42.0,3026.83,404
User_AB3617,21.0,2645.68,500
User_AB8660,38.0,3236.95,404
User_AB1591,28.0,3884.33,404
User_AB8293,34.0,1836.54,404
User_AB8596,38.0,1343.76,200
User_AB8093,56.0,1540.94,500
User_AB3835,43.0,3033.8,404
User_AB3478,20.0,1170.98,200
User_AB7250,21.0,1956.81,500
User_AB7648,63.0,1140.72,404
User_AB7070,31.0,2650.51,200
User_AB4963,41.0,2273.36,500
User_AB1438,,2432.79,500
User_AB2172,53.0,1238.61,200
User_AB5208,47.0,2435.01,200
,47.0,3220.18,200
User_AB9243,64.0,3348.26,200
User_AB5834,20.0,1840.11,404
User_AB8711,32.0,1159.6,200
User_AB9170,61.0,3260.73,404
User_AB3975,36.0,3949.66,200
User_AB5905,,1084.75,200
User_AB4901,23.0,3009.1,404
User_AB8937,22.0,279.97,500
User_AB6180,63.0,3978.87,404
User_AB9946,39.0,154.13,200
User_AB4629,51.0,4993.9,404
User_AB3818,53.0,4255.54,500
User_AB4633,25.0,2601.62,200
User_AB3190,55.0,3490.54,500
User_AB4515,32.0,2278.39,200
User_AB2659,65.0,2508.44,404
User_AB2972,23.0,4190.85,200
User_AB4591,28.0,2911.85,404
User_AB5042,64.0,983.59,404
User_AB9739,62.0,3151.85,200
User_AB3941,,511.09,200
User_AB7519,22.0,283.19,404
User_AB2679,21.0,4891.97,500
User_AB8796,20.0,4605.61,200
User_AB9568,22.0,3431.26,200
User_AB3821,25.0,4203.49,200
User_AB8729,18.0,3289.54,200
User_AB3977,61.0,3017.58,500
User_AB5289,31.0,4232.89,200
User_AB6228,41.0,417.49,500
User_AB7105,50.0,3222.12,404
User_AB8160,57.0,1771.79,200
User_AB4476,47.0,2688.18,200
User_AB3353,34.0,3334.12,Error
User_AB2656,26.0,818.3,200
User_AB9401,,703.18,404
,63.0,455.51,404
User_AB3973,53.0,4281.67,200
User_AB8910,20.0,4245.74,404
User_AB9553,43.0,1875.6,500
User_AB2293,49.0,520.08,500
User_AB4040,,3117.01,500
User_AB3174,46.0,825.18,Pending
User_AB8550,24.0,2158.9,404
User_AB4250,62.0,1716.85,500
User_AB2385,,1187.15,404
User_AB1826,60.0,1887.82,200
User_AB1982,51.0,1426.72,200
User_AB6862,20.0,4347.39,404
User_AB8812,29.0,282.54,404
User_AB4276,24.0,4058.77,500
User_AB8522,19.0,4018.88,500
User_AB3394,55.0,2912.42,404
User_AB9988,,3229.56,200
User_AB3741,59.0,1749.62,500
User_AB7110,54.0,1740.36,404
User_AB7494,45.0,2292.34,404
User_AB1283,39.0,2698.69,500
User_AB9902,32.0,329.29,200
User_AB1032,,3899.26,404
User_AB2295,62.0,714.02,500
User_AB5528,33.0,616.6,500
User_AB9500,54.0,994.44,500
User_AB8526,31.0,2746.24,404
User_AB1739,28.0,4364.87,200
User_AB8097,29.0,1659.73,500
User_AB3161,34.0,774.58,500
User_AB1075,56.0,568.01,500
User_AB4143,63.0,4374.9,200
User_AB4991,20.0,3304.8,404
User_AB8037,44.0,3004.02,404
User_AB8742,51.0,1258.59,200
User_AB8951,22.0,2168.81,200
User_AB1196,35.0,1146.23,500
User_AB9303,52.0,1920.85,500
User_AB5119,43.0,448.33,200
User_AB3579,58.0,2875.41,200
User_AB6184,56.0,4832.97,404
User_AB8292,43.0,521.14,500
User_AB3038,45.0,4762.91,OK
User_AB6609,63.0,1850.81,OK
User_AB2500,44.0,2490.79,200
User_AB2659,56.0,4961.82,200
User_AB3665,32.0,1944.12,500
User_AB9429,42.0,717.91,404
User_AB9980,53.0,3996.64,500
User_AB3014,32.0,1538.78,200
User_AB2819,21.0,4045.31,200
User_AB7216,43.0,386.67,500
User_AB2627,41.0,896.71,404
User_AB3330,51.0,4597.78,500
User_AB4491,65.0,1134.01,404
User_AB7801,22.0,1578.07,500
User_AB4309,23.0,1112.03,200
User_AB8408,,3511.74,500
,38.0,1074.59,200
User_AB7831,56.0,3996.99,500
User_AB5094,60.0,1429.66,500
User_AB5370,56.0,3311.81,404
User_AB3358,55.0,336.83,500
User_AB4635,19.0,1376.42,200
User_AB3192,45.0,588.54,Error
User_AB9481,25.0,3826.53,200
User_AB5273,61.0,2994.28,500
User_AB4831,44.0,3718.78,500
User_AB2994,22.0,2966.39,200
User_AB4352,56.0,4521.65,404
User_AB7730,55.0,4307.48,404
User_AB4029,35.0,1229.91,200
User_AB4266,18.0,2915.85,500
User_AB3313,63.0,4882.78,500
User_AB9758,61.0,476.14,200
User_AB5157,,2721.99,200
User_AB2996,38.0,3207.25,404
User_AB3319,38.0,3555.76,404
User_AB2590,59.0,1151.02,Error
User_AB1293,,1347.52,500
User_AB5324,,3974.74,200
User_AB3568,24.0,2571.79,200
User_AB3305,63.0,4937.3,404
User_AB6589,65.0,4413.81,500
User_AB4615,26.0,3329.93,404
User_AB1590,42.0,2626.49,404
User_AB8702,64.0,1537.78,200
User_AB3087,64.0,2065.24,500
,46.0,4659.06,200
User_AB3037,28.0,1480.58,200
User_AB6931,24.0,4129.76,404
,56.0,568.33,500
User_AB1031,21.0,2490.04,500
User_AB6189,57.0,1666.77,500
User_AB5841,37.0,3986.99,500
User_AB8564,,647.03,404
User_AB1927,20.0,4267.7,404
User_AB9991,61.0,782.42,200
User_AB6794,22.0,4786.85,500
User_AB3211,,4205.32,404
User_AB6643,,128.94,404
User_AB9755,43.0,145.19,Pending
User_AB1507,27.0,1356.74,404
User_AB3569,33.0,894.87,404
User_AB1592,44.0,1951.19,404
User_AB4084,37.0,2593.97,200
User_AB8892,60.0,1541.24,404
User_AB5690,,4604.63,404
User_AB5301,50.0,2576.87,500
User_AB1200,50.0,2104.27,404
User_AB1208,42.0,402.52,200
User_AB5383,32.0,348.8,200
User_AB4694,35.0,2447.75,404
User_AB5758,47.0,2906.68,500
User_AB6468,23.0,704.97,500
User_AB5630,62.0,2679.41,500
User_AB7281,52.0,2053.42,200
User_AB4515,54.0,2774.01,200
User_AB9783,26.0,4716.65,Pending
User_AB4334,,2216.15,404
User_AB9677,53.0,4525.36,Pending
User_AB5948,50.0,178.71,500
User_AB3660,,958.11,404
User_AB6634,38.0,2132.43,404
User_AB5598,25.0,1620.42,200
User_AB6321,,973.57,404
User_AB3253,29.0,899.16,500
User_AB6632,20.0,318.8,404
User_AB3704,32.0,4648.66,500
User_AB3014,56.0,859.75,500
User_AB7956,41.0,465.88,200
User_AB5509,19.0,3868.78,500
User_AB4084,54.0,179.68,200
User_AB4694,34.0,1466.91,200
User_AB3018,37.0,4079.2,404
User_AB9216,33.0,4282.13,200
User_AB7414,46.0,3264.1,404
User_AB1984,62.0,1870.37,404
User_AB3570,43.0,2487.15,404
User_AB1238,65.0,2744.17,500
User_AB8327,34.0,4344.94,200
User_AB7477,32.0,1036.2,500
User_AB2144,35.0,876.02,404
User_AB2172,41.0,2616.4,200
User_AB7112,,2868.62,500
,30.0,1290.09,404
User_AB3999,55.0,1302.22,404
User_AB1829,34.0,4651.92,404
User_AB6244,33.0,2029.43,404
User_AB6042,25.0,511.16,404
User_AB9604,25.0,157.56,200
User_AB8515,,2237.31,404
User_AB7937,63.0,4738.8,500
User_AB5580,53.0,4175.78,500
,31.0,4416.4,500
User_AB1517,54.0,4263.02,404
User_AB7805,,4521.83,404
User_AB1785,60.0,1463.86,200
User_AB8670,27.0,3948.72,404
User_AB4301,25.0,1952.18,500
User_AB7220,44.0,2973.27,200
User_AB5157,32.0,1975.36,200
User_AB1188,47.0,3666.7,500
User_AB5181,45.0,3284.1,404
User_AB8126,60.0,668.61,404
User_AB8447,24.0,2360.91,200
User_AB2908,22.0,771.48,404
User_AB8452,44.0,912.92,200
User_AB8130,36.0,1964.55,500
User_AB6021,56.0,1669.95,500
User_AB7895,58.0,3740.71,404
User_AB1743,51.0,2716.79,404
User_AB6488,26.0,1883.02,200
User_AB7180,64.0,1660.09,200
User_AB3137,50.0,4897.1,404
User_AB2072,,2794.57,404
User_AB5748,36.0,2190.61,404
User_AB8806,33.0,3158.05,404
User_AB5580,47.0,971.26,404
,20.0,1892.67,500
User_AB6344,18.0,1391.92,200
User_AB8302,55.0,4232.19,200
User_AB4511,60.0,3896.79,200
User_AB5061,34.0,1609.43,404
User_AB8965,44.0,1239.64,Pending
User_AB1359,28.0,1652.67,500
User_AB4376,59.0,4987.97,200
User_AB5867,28.0,2480.74,500
User_AB6033,20.0,4006.83,500
User_AB4081,26.0,1935.99,500
,19.0,4017.57,200
User_AB8534,48.0,2201.93,500
User_AB6399,64.0,1573.25,200
User_AB9552,31.0,1801.05,404
User_AB2757,57.0,939.93,Error
User_AB6927,41.0,3196.73,404
User_AB2164,,4426.9,500
User_AB1494,37.0,502.03,500
User_AB2474,42.0,749.12,404
User_AB6137,52.0,3398.94,500
User_AB5702,37.0,1342.33,500
User_AB7634,49.0,331.7,404
User_AB6554,28.0,720.96,500
User_AB8446,44.0,2889.53,404
User_AB8364,,4231.8,500
User_AB7592,50.0,313.83,500
User_AB3185,62.0,2509.55,404
User_AB1667,46.0,946.22,404
User_AB9286,32.0,1069.93,404
User_AB6819,,3711.89,200
User_AB3830,55.0,1323.61,404
User_AB5577,56.0,787.84,Pending
User_AB4967,37.0,3285.81,OK
User_AB9283,58.0,1518.24,404
User_AB7647,48.0,759.92,500
,48.0,186.38,200
User_AB8286,46.0,1768.76,500
User_AB3699,63.0,1211.84,200
User_AB4531,18.0,2410.69,500
User_AB2108,60.0,3476.36,404
User_AB5912,18.0,409.34,500
User_AB9182,20.0,4792.45,500
User_AB5623,62.0,1633.48,200
User_AB1560,52.0,1825.9,404
User_AB2474,42.0,749.12,404
User_AB9439,48.0,1708.83,200
User_AB4903,56.0,543.39,500
,,2361.71,Pending
User_AB3385,36.0,3960.63,200
User_AB5847,36.0,2955.38,200
User_AB6470,30.0,3121.3,200
,38.0,1535.3,404
,19.0,3150.79,404
User_AB5516,58.0,4610.45,200
User_AB7229,48.0,4102.52,404
User_AB3754,64.0,151.35,404
User_AB7647,42.0,2891.21,404
User_AB3488,32.0,3789.85,500
User_AB5375,39.0,3318.03,200
User_AB8367,64.0,653.97,500
User_AB8540,57.0,3489.84,404
User_AB4565,53.0,520.07,500
User_AB1270,38.0,4144.21,404
User_AB6846,53.0,4045.74,500
User_AB9853,61.0,1055.76,200
User_AB8762,,2200.87,500
User_AB7876,49.0,3845.15,404
User_AB9055,58.0,1160.15,200
User_AB2930,59.0,3861.65,500
User_AB8703,50.0,2725.96,200
User_AB4630,38.0,326.59,Error
,62.0,1864.25,500
User_AB9164,30.0,4278.78,404
User_AB9409,38.0,2827.48,500
,24.0,2337.5,200
User_AB7867,46.0,1780.27,200
User_AB1634,18.0,1402.72,Error
User_AB6528,39.0,3309.76,500
User_AB6273,,3319.59,200
User_AB9783,62.0,1854.86,200
User_AB9820,54.0,214.98,500
User_AB9556,45.0,4518.23,200
User_AB8826,30.0,4368.2,Pending
,21.0,4440.85,200
User_AB3013,63.0,840.15,500
User_AB8083,48.0,2543.21,404
User_AB3321,,2548.54,200
User_AB2323,19.0,3764.99,500
,51.0,244.95,500
User_AB9349,31.0,1726.2,404
User_AB3712,,1539.4,500
User_AB1492,60.0,1307.05,404
User_AB6301,48.0,2624.08,200
User_AB7256,65.0,150.42,200
User_AB8710,54.0,2345.69,500
User_AB1497,34.0,4042.1,404
User_AB2340,34.0,2676.8,200
User_AB2231,61.0,738.68,404
User_AB7554,30.0,937.51,500
User_AB3080,61.0,310.4,404
User_AB9760,24.0,2826.82,200
User_AB4544,42.0,3679.36,Pending
User_AB8965,63.0,2511.78,500
User_AB2784,52.0,2954.19,200
User_AB2697,39.0,1719.96,404
User_AB5517,40.0,3355.36,OK
User_AB9494,29.0,3827.73,500
User_AB2342,,3214.92,200
User_AB5039,30.0,529.59,404
User_AB4920,48.0,2470.45,200
User_AB3555,41.0,2657.29,404
User_AB8184,21.0,2159.72,200
User_AB9132,23.0,2588.87,500
User_AB4271,43.0,1988.18,500
User_AB5983,28.0,3314.2,200
User_AB1045,19.0,2072.83,404
User_AB1587,45.0,3418.47,404
User_AB5094,63.0,1974.62,200
User_AB9791,25.0,4852.75,200
User_AB7685,64.0,798.97,Error
User_AB5693,32.0,4948.05,200
User_AB6485,57.0,1322.28,500
User_AB4923,56.0,3159.85,500
User_AB6569,28.0,1698.94,OK
User_AB9479,23.0,4868.65,500
User_AB6357,19.0,3979.89,404
User_AB1256,37.0,4495.69,200
User_AB2421,64.0,4174.92,500
User_AB1411,21.0,512.3,200
User_AB9041,,3868.57,200
,,705.35,500
User_AB6044,46.0,4702.56,404
User_AB7747,46.0,4240.19,200
User_AB1792,59.0,4809.21,404
User_AB4562,40.0,3351.03,500
User_AB6451,,3927.33,404
User_AB1779,28.0,3802.18,500
,20.0,4213.67,404
User_AB5253,24.0,2068.76,200
User_AB1614,,2681.78,404
User_AB3541,57.0,4648.68,500
User_AB9419,55.0,4193.54,200
User_AB2139,26.0,1070.78,200
User_AB1518,27.0,3522.31,200
User_AB1689,63.0,2906.53,500
,50.0,3056.64,200
User_AB6071,47.0,2321.68,200
User_AB7197,40.0,3801.75,200
User_AB1041,43.0,4752.67,404
User_AB4236,38.0,3859.66,404
User_AB6642,31.0,1316.39,404
User_AB7448,21.0,4239.12,404
User_AB4369,21.0,3532.35,404
,55.0,2315.75,404
User_AB4503,33.0,2280.17,404
User_AB9551,45.0,385.21,404
User_AB1051,44.0,3071.93,OK
,23.0,666.88,404
User_AB3901,22.0,3879.23,500
User_AB2753,20.0,4656.87,500
User_AB2616,55.0,4112.26,404
User_AB8793,54.0,3169.05,Pending
User_AB1024,28.0,4086.69,500
,58.0,3059.84,404
User_AB4011,31.0,4890.52,404
User_AB4539,51.0,4376.43,404
User_AB5578,65.0,2186.2,500
User_AB9581,,2509.25,500
User_AB2110,52.0,3694.69,200
User_AB7350,41.0,4996.21,200
User_AB8813,21.0,2477.34,200
User_AB6461,29.0,2850.09,404
User_AB9308,62.0,1307.45,200
User_AB6041,40.0,4701.05,200
User_AB4120,34.0,463.11,Pending
User_AB6359,,3459.2,500
User_AB8262,,4871.81,500
User_AB3232,30.0,601.86,200
User_AB5736,56.0,4991.69,200
User_AB8401,26.0,1182.44,OK
User_AB9570,34.0,2195.36,Error
User_AB4903,32.0,3983.53,200
,31.0,2399.09,404
User_AB8456,43.0,529.89,404
User_AB3087,25.0,2554.79,200
User_AB4264,61.0,4722.97,404
User_AB7195,25.0,2564.81,500
User_AB3111,46.0,2344.46,500
User_AB6340,45.0,3751.02,200
User_AB4561,43.0,1659.85,200
User_AB7180,19.0,2648.3,500
User_AB9924,58.0,312.05,200
,39.0,1276.37,404
User_AB6664,48.0,4206.39,200
User_AB9825,,1552.5,404
User_AB2666,53.0,1058.95,200
User_AB1033,36.0,3221.26,500
User_AB6464,22.0,4786.73,404
User_AB6881,,3966.09,404
User_AB1528,62.0,4530.69,404
User_AB6223,44.0,1482.3,404
User_AB9439,21.0,3466.48,404
User_AB4008,50.0,3617.2,200
User_AB5788,52.0,3732.17,500
User_AB2831,,957.75,500
User_AB3865,35.0,574.5,500
User_AB3360,38.0,620.84,500
User_AB6649,55.0,3764.12,404
User_AB9389,30.0,1786.55,404
User_AB8503,29.0,3073.16,200
User_AB7838,34.0,3123.89,500
User_AB5797,38.0,558.03,200
User_AB4217,35.0,2927.72,500
User_AB3320,41.0,1930.65,Pending
User_AB7152,61.0,1247.85,500
User_AB6582,58.0,1730.93,200
User_AB5608,21.0,783.24,Error
User_AB8715,62.0,2773.43,200
,25.0,984.84,200
User_AB7738,23.0,2175.04,404
,60.0,4266.87,404
User_AB2927,27.0,1723.05,404
User_AB9521,43.0,1922.48,200
User_AB5534,25.0,1822.57,OK
User_AB9451,41.0,4686.96,500
User_AB3130,24.0,3757.48,200
User_AB2335,60.0,2982.29,404
User_AB9048,35.0,4355.83,500
User_AB4950,48.0,2104.25,200
User_AB2631,,4842.29,404
User_AB6547,18.0,4478.21,200
User_AB1698,57.0,280.19,200
User_AB2561,37.0,500.34,404
User_AB2442,24.0,683.78,404
User_AB4362,43.0,1000.1,200
User_AB5425,51.0,3528.58,OK
User_AB8756,39.0,1262.69,404
User_AB7923,65.0,1609.68,OK
User_AB1729,36.0,4488.77,404
User_AB8588,38.0,2557.26,404
User_AB9084,59.0,1809.5,404
User_AB4710,25.0,3783.26,500
User_AB7304,37.0,4440.75,200
User_AB8741,57.0,3780.06,200
User_AB7605,37.0,2447.29,404
User_AB1424,64.0,4906.92,404
User_AB8103,44.0,1664.05,500
User_AB1859,30.0,1890.49,404
User_AB5461,45.0,3993.87,200
User_AB5606,44.0,2528.62,200
User_AB8678,,1413.14,404
,50.0,440.77,500
User_AB6851,31.0,449.21,500
User_AB2791,45.0,3546.49,200
User_AB3714,60.0,1993.41,404
User_AB4916,43.0,3601.3,404
User_AB7016,34.0,2388.39,500
User_AB2376,40.0,115.44,500
User_AB1671,40.0,1930.13,Pending
User_AB6519,54.0,4290.67,200
User_AB6833,59.0,4423.42,500
User_AB3938,,3716.34,500
User_AB6189,45.0,4246.97,500
User_AB4032,58.0,3068.84,404
User_AB5220,,2797.11,404
User_AB1365,36.0,3662.08,404
User_AB7557,61.0,2611.67,500
User_AB5897,56.0,3853.49,200
User_AB8798,28.0,2883.12,500
User_AB6072,59.0,1702.92,404
User_AB5933,31.0,940.65,200
User_AB5939,51.0,4295.19,200
User_AB8156,52.0,2207.94,500
User_AB3610,43.0,1547.23,200
User_AB5641,42.0,3724.9,404
User_AB2061,59.0,4893.04,200
User_AB2997,56.0,4344.38,404
User_AB3871,49.0,1017.21,200
User_AB7961,46.0,4989.51,500
User_AB6303,41.0,1000.57,500
User_AB3182,50.0,1343.11,500
User_AB4703,53.0,661.03,500
User_AB3541,44.0,1349.2,Error
User_AB1018,47.0,4623.07,200
User_AB1316,59.0,3752.53,404
User_AB3837,56.0,2418.91,200
User_AB2669,56.0,4198.55,404
User_AB7360,34.0,2117.74,404
User_AB8991,37.0,1742.13,500
User_AB1135,34.0,3567.22,500
User_AB8005,46.0,1470.88,200
User_AB1170,35.0,803.51,404
User_AB5006,46.0,1154.54,500
User_AB2412,19.0,1816.68,200
User_AB6298,,4237.4,404
User_AB6623,51.0,2307.48,200
User_AB2116,42.0,4919.65,404
User_AB7233,46.0,1143.56,500
User_AB9029,63.0,3861.64,500
User_AB4046,47.0,1067.44,200
User_AB5877,56.0,1199.99,200
User_AB5518,35.0,365.7,500
User_AB8470,61.0,1021.18,500
User_AB9700,24.0,556.59,500
User_AB5403,50.0,4250.77,200
User_AB8666,50.0,3612.45,500
User_AB9991,61.0,782.42,200
User_AB1756,31.0,4368.55,500
User_AB7659,34.0,1584.41,500
User_AB9458,63.0,2350.55,500
User_AB2870,29.0,713.38,404
User_AB4469,21.0,2336.92,200
User_AB9769,56.0,1689.37,404
User_AB7150,39.0,1090.33,200
User_AB7063,26.0,1133.87,500
User_AB8623,19.0,1876.88,404
User_AB8266,62.0,3948.43,500
User_AB1326,,989.67,200
User_AB6188,41.0,4483.67,200
User_AB5128,51.0,1560.19,500
User_AB7205,60.0,2059.2,Pending
User_AB2804,55.0,2661.93,500
User_AB8365,21.0,1106.67,500
User_AB6543,57.0,3437.73,404
User_AB3281,52.0,838.79,500
User_AB5302,39.0,633.28,500
User_AB3255,30.0,3920.75,404
User_AB2615,65.0,3216.93,404
User_AB3186,47.0,1492.64,500
User_AB2246,46.0,2387.84,Error
User_AB5078,41.0,3873.14,200
,59.0,2727.65,500
User_AB4604,53.0,1369.67,404
User_AB7459,50.0,3283.43,200
User_AB5761,,4662.53,500
User_AB4172,47.0,1854.79,404
User_AB8711,,1475.57,500
User_AB1902,51.0,2801.35,200
User_AB3936,33.0,901.51,404
User_AB3207,22.0,3932.59,200
,63.0,220.81,OK
User_AB1222,40.0,4186.99,200
User_AB9720,25.0,1443.07,200
User_AB9215,21.0,1590.44,200
User_AB4452,44.0,1151.3,500
,,2359.65,404
User_AB9554,53.0,1508.73,404
User_AB3449,36.0,2012.66,404
User_AB6629,42.0,830.5,404
User_AB4899,55.0,2279.63,200
User_AB5912,42.0,4100.84,500
User_AB5177,,517.68,500
User_AB8550,,497.12,404
User_AB2926,38.0,3271.77,404
User_AB2581,21.0,4169.74,500
User_AB9361,25.0,2764.76,200
User_AB2428,62.0,4693.72,200
User_AB9702,63.0,1082.38,500
User_AB6163,57.0,1535.32,200
User_AB9318,44.0,4860.11,404
,40.0,2741.87,404
User_AB1871,22.0,3409.62,404
User_AB4935,54.0,4347.78,500
User_AB9857,31.0,1709.57,500
User_AB9194,52.0,2464.19,500
User_AB2303,39.0,2398.4,404
User_AB1696,,3723.29,404
User_AB8921,42.0,2907.07,500
User_AB6160,61.0,1469.79,200
User_AB9564,48.0,2025.02,200
User_AB2857,65.0,783.22,Pending
User_AB3916,41.0,1182.52,200
User_AB5728,40.0,1984.95,404
User_AB8264,50.0,1608.13,200
User_AB1789,43.0,1529.97,OK
User_AB8488,45.0,1477.24,200
User_AB3914,,4705.54,500
User_AB2590,18.0,2544.8,200
User_AB6671,50.0,2589.9,404
User_AB3868,35.0,3712.97,500
User_AB8082,23.0,4608.45,500
,58.0,3817.75,500
User_AB8837,56.0,2653.32,500
User_AB7525,46.0,2420.06,404
User_AB2938,37.0,1889.69,200
User_AB1582,,4927.66,500
User_AB4061,54.0,3918.21,200
User_AB8254,24.0,2680.98,500
User_AB7425,35.0,2710.72,500
User_AB9166,26.0,2718.23,200
User_AB4256,25.0,597.84,200
User_AB8348,62.0,4413.35,404
User_AB9848,65.0,721.31,404
User_AB9002,31.0,1439.16,OK
User_AB3645,61.0,2386.85,200
User_AB2950,49.0,4930.51,500
User_AB2914,46.0,4670.52,200
User_AB5784,29.0,4845.25,404
User_AB4380,21.0,2427.49,OK
User_AB4290,55.0,3337.52,200
User_AB5569,,1932.49,500
User_AB6562,54.0,1960.49,500
,,2607.61,200
User_AB8202,38.0,4296.43,500
User_AB4229,35.0,4249.09,404
User_AB9435,43.0,860.51,500
User_AB3433,61.0,4638.32,200
User_AB4098,37.0,827.22,OK
User_AB6562,21.0,717.99,404
User_AB1333,51.0,272.82,200
User_AB1030,65.0,2649.92,200
User_AB3942,59.0,3551.8,404
User_AB2623,49.0,2766.42,404
User_AB4973,48.0,592.77,200
User_AB9835,42.0,4057.73,404
User_AB5831,45.0,1800.06,404
User_AB2273,,3092.52,500
User_AB3770,42.0,3573.72,500
User_AB2876,48.0,4132.92,500
User_AB9075,28.0,122.71,500
User_AB7650,52.0,1580.54,404
User_AB9751,31.0,2141.39,500
User_AB2229,29.0,1341.12,404
User_AB5864,38.0,377.93,Pending
User_AB2133,22.0,2128.67,200
User_AB6984,37.0,3515.21,404
User_AB9855,48.0,433.53,404
User_AB4371,48.0,184.13,200
User_AB4187,51.0,4100.69,404
User_AB1613,47.0,944.28,200
User_AB5019,,3329.26,500
User_AB6938,19.0,4787.93,404
User_AB6461,42.0,3937.77,500
User_AB4935,,4795.64,500
User_AB8756,48.0,2109.88,404
User_AB7495,65.0,937.49,404
User_AB9989,,1145.24,200
User_AB5293,32.0,3618.48,200
User_AB4535,65.0,946.28,404
User_AB2762,21.0,2850.41,200
User_AB1013,63.0,4684.04,200
User_AB3537,64.0,2574.71,500
User_AB4606,,2076.51,404
User_AB4920,48.0,2470.45,200
User_AB8418,33.0,2668.43,500
User_AB6371,63.0,427.48,OK
User_AB6569,45.0,1849.27,500
User_AB8535,19.0,1359.83,500
User_AB2981,,639.37,404
User_AB5250,44.0,4734.81,200
User_AB8841,64.0,2385.45,200
User_AB8475,59.0,1494.08,500
User_AB9707,63.0,2772.94,404
User_AB8756,39.0,1262.69,404
User_AB7875,33.0,4061.01,200
User_AB1428,48.0,4853.52,404
User_AB1584,25.0,1269.72,500
,,2359.65,404
User_AB8105,29.0,3078.16,200
,39.0,4660.94,200
User_AB5979,25.0,4266.25,404
User_AB9188,55.0,1660.91,500
User_AB9481,59.0,4836.26,404
User_AB8551,21.0,4596.06,200
User_AB3219,60.0,4139.86,404
User_AB3771,35.0,1074.49,404
User_AB3623,56.0,912.56,200
User_AB5950,20.0,3347.61,500
User_AB7620,,3472.99,500
User_AB7829,,153.26,200
User_AB7483,22.0,742.1,500
User_AB2899,41.0,3089.78,200
User_AB2378,32.0,1330.85,500
User_AB4573,59.0,653.44,500
,62.0,1233.27,404
User_AB7059,46.0,765.42,500
User_AB4002,44.0,456.01,500
User_AB3704,46.0,1025.56,Error
User_AB8919,45.0,3598.41,404
User_AB1316,58.0,177.32,500
User_AB7864,35.0,3083.85,200
User_AB4962,51.0,4224.99,500
User_AB1551,45.0,2285.83,404
User_AB7420,43.0,4942.2,200
User_AB3668,44.0,3159.63,500
User_AB4083,54.0,1246.01,200
User_AB9877,20.0,727.84,Error
User_AB2649,43.0,2027.05,200
User_AB3988,60.0,4552.13,500
User_AB1772,35.0,4327.15,500
User_AB4276,24.0,4058.77,500
User_AB5634,22.0,2564.16,404
User_AB7830,39.0,760.85,200
User_AB5198,38.0,1422.1,500
User_AB5161,61.0,3201.69,200
User_AB3394,55.0,2912.42,404
User_AB3568,47.0,1409.6,200
User_AB2840,21.0,2055.58,200
User_AB8356,38.0,3290.17,200
User_AB7035,58.0,4057.29,200
User_AB7252,,970.68,404
User_AB8991,22.0,2282.66,200
User_AB7025,27.0,1110.67,200
User_AB4914,43.0,4375.04,500
User_AB2432,42.0,2597.69,500
,18.0,1899.25,500
User_AB7956,39.0,3723.83,500
User_AB1515,25.0,4617.5,200
User_AB9701,,1863.31,200
User_AB6203,29.0,2002.77,404
User_AB3998,44.0,1476.17,500
User_AB5472,30.0,3846.73,500
User_AB4606,24.0,4972.4,500
User_AB7032,51.0,1150.18,404
User_AB2012,23.0,2118.24,200
User_AB3833,40.0,267.35,200
User_AB5256,57.0,3278.81,500
User_AB2235,40.0,1779.91,200
User_AB5439,55.0,2067.26,404
,20.0,4052.66,404
User_AB2161,41.0,1393.27,404
User_AB5808,29.0,4784.69,404
User_AB2704,29.0,3922.94,500
User_AB9060,46.0,3090.99,500
User_AB8374,39.0,2563.39,500
User_AB8121,20.0,3869.32,404
,29.0,1476.71,200
User_AB7702,65.0,1751.88,500
,44.0,4313.25,404
User_AB2218,58.0,2767.83,500
User_AB6332,61.0,2245.68,500
,43.0,3267.72,404
User_AB7801,22.0,1578.07,500
User_AB4185,51.0,2581.65,404
User_AB9571,43.0,3654.02,404
User_AB3148,25.0,3432.78,500
User_AB9017,53.0,3525.48,500
User_AB6563,39.0,837.06,200
User_AB2583,50.0,254.93,404
User_AB1878,22.0,3336.62,404
User_AB8844,65.0,3126.14,404
User_AB4201,50.0,4163.71,404
User_AB5173,41.0,1352.46,200
,,817.62,404
User_AB2058,34.0,2624.68,404
User_AB7215,56.0,3071.74,500
User_AB6648,20.0,725.18,200
User_AB6226,55.0,509.67,404
User_AB2544,57.0,3339.94,200
User_AB4046,,1604.78,200
User_AB9293,53.0,2220.37,500
User_AB3140,64.0,3854.22,404
User_AB2179,65.0,3065.63,200
User_AB2455,62.0,3090.35,500
User_AB1761,42.0,2745.97,404
User_AB6452,57.0,3979.01,500
User_AB3665,61.0,543.1,Pending
User_AB4338,26.0,4664.85,404
User_AB6465,46.0,517.24,404
User_AB9367,34.0,2521.37,404
User_AB6457,,1284.97,500
User_AB2696,20.0,3107.32,500
User_AB5097,28.0,2620.18,404
User_AB7040,38.0,4933.95,500
User_AB8058,23.0,3721.9,404
User_AB5181,35.0,3311.29,200
User_AB2034,29.0,3833.56,500
,53.0,977.55,200
User_AB6475,36.0,2768.66,500
User_AB7020,31.0,1587.48,404
User_AB7425,48.0,2619.97,Error
User_AB8198,30.0,1593.57,OK
User_AB1246,,2818.38,200
User_AB6833,44.0,581.41,404
User_AB2934,38.0,908.69,200
User_AB9329,46.0,2316.55,404
User_AB5294,21.0,751.84,404
User_AB6942,44.0,2473.63,200
User_AB3129,21.0,3359.04,404
User_AB4451,62.0,802.92,404
User_AB6555,43.0,1889.2,500
User_AB3468,24.0,1819.03,500
User_AB7515,33.0,609.47,500
User_AB9950,35.0,4117.92,500
User_AB2724,59.0,1257.53,500
User_AB5142,23.0,385.32,500
User_AB5939,56.0,699.81,200
User_AB9247,40.0,1988.97,OK
User_AB1618,65.0,4893.95,500
User_AB3188,28.0,2254.36,404
User_AB3128,57.0,2650.16,500
User_AB5664,45.0,4004.66,200
User_AB4829,,2233.8,404
User_AB7088,28.0,1868.89,200
User_AB4730,30.0,296.13,200
User_AB8217,55.0,3778.38,200
User_AB9365,25.0,3226.96,200
User_AB6502,39.0,273.56,200
User_AB7477,32.0,1036.2,500
User_AB9653,26.0,4058.2,500
User_AB1841,54.0,4633.38,200
User_AB8552,34.0,915.67,Error
User_AB4584,19.0,171.84,500
User_AB3359,47.0,4676.05,200
User_AB2844,32.0,1539.4,200
User_AB1270,38.0,3539.76,Pending
User_AB8342,54.0,3900.15,404
User_AB9786,26.0,2184.95,404
User_AB4456,,1524.84,404
User_AB4584,31.0,186.83,500
User_AB7666,37.0,1385.84,500
User_AB8505,56.0,4687.74,200
User_AB1979,41.0,862.46,500
User_AB2059,36.0,2149.77,500
User_AB7849,38.0,368.71,404
User_AB9467,20.0,1705.7,200
User_AB5682,30.0,4153.86,200
User_AB8523,61.0,2510.48,200
User_AB8758,34.0,1992.37,500
User_AB5477,29.0,2743.46,200
User_AB3898,,3868.42,404
User_AB5503,,4107.87,200
User_AB5815,29.0,985.25,404
User_AB3523,30.0,3037.45,404
User_AB2233,21.0,2625.0,OK
User_AB9319,60.0,4314.97,Error
User_AB1293,58.0,4417.54,404
User_AB4813,22.0,715.71,500
User_AB1899,51.0,3955.43,200
User_AB3767,23.0,2175.2,404
User_AB8075,60.0,4149.93,500
User_AB4008,31.0,502.04,404
User_AB3956,,2850.75,404
User_AB8816,31.0,2452.25,500
User_AB3034,20.0,4992.04,404
User_AB1389,22.0,1654.45,200
User_AB3535,58.0,3444.09,404
User_AB2004,18.0,3382.05,500
User_AB4091,35.0,465.08,200
User_AB6543,,1076.95,200
User_AB1085,53.0,1678.95,Pending
User_AB1401,48.0,2692.86,200
,21.0,1746.93,200
User_AB8392,51.0,232.04,404
User_AB7808,49.0,4055.61,200
User_AB9256,42.0,2734.18,OK
User_AB5862,31.0,2566.3,200
User_AB8783,50.0,1983.41,OK
User_AB1871,53.0,445.26,404
User_AB9455,28.0,4625.65,404
User_AB8251,32.0,2879.03,404
User_AB6188,41.0,4483.67,200
User_AB1119,58.0,345.46,200
User_AB7626,33.0,2456.34,404
User_AB3653,,4295.94,200
User_AB9608,,3266.21,200
User_AB3091,53.0,1193.03,200
User_AB1644,24.0,3931.39,500
User_AB5886,,4860.98,200
User_AB7100,18.0,2084.87,500
User_AB8951,26.0,2728.17,500
User_AB2883,39.0,3795.43,200
User_AB3707,32.0,2260.99,404
User_AB9277,30.0,1167.6,500
User_AB1603,35.0,1240.94,500
User_AB9571,57.0,2718.69,200
User_AB7814,63.0,2531.14,200
User_AB3182,31.0,4088.54,500
User_AB9175,43.0,3017.51,500
User_AB2217,65.0,956.04,200
User_AB1563,61.0,545.68,200
User_AB9214,21.0,4394.08,404
,59.0,3513.62,404
User_AB2979,64.0,2726.33,200
User_AB8235,44.0,3710.08,200
User_AB5378,57.0,3193.88,200
User_AB8143,18.0,966.3,404
User_AB2247,62.0,3734.82,500
User_AB2598,53.0,3516.12,500
User_AB1132,,2702.25,200
User_AB7169,51.0,617.54,500
User_AB8683,43.0,2331.08,200
User_AB9977,31.0,3163.75,404
User_AB3891,31.0,3277.09,404
User_AB1262,21.0,2983.0,500
User_AB5247,35.0,487.49,200
User_AB5067,39.0,987.81,200
User_AB8954,46.0,260.36,404
User_AB1414,32.0,4233.13,404
User_AB8157,52.0,2268.9,404
User_AB7295,25.0,258.73,200
User_AB4654,42.0,2282.96,500
User_AB7494,45.0,2292.34,404
User_AB6987,44.0,2645.27,200
User_AB6171,52.0,4772.14,404
User_AB9142,56.0,4685.5,200
User_AB5495,44.0,3376.39,404
User_AB1149,55.0,2054.46,500
User_AB1047,22.0,1567.94,404
,51.0,3917.79,500
User_AB3431,41.0,4333.89,200
User_AB7947,58.0,4351.73,200
User_AB8071,29.0,3840.85,200
User_AB3815,58.0,3237.92,500
User_AB7059,65.0,3082.93,Error
User_AB1287,,3062.99,404
User_AB9309,23.0,4284.72,404
User_AB5123,40.0,2226.2,404
User_AB7559,56.0,3594.22,404
User_AB9375,40.0,2452.2,200
User_AB1490,19.0,3912.56,500
User_AB6393,56.0,3362.56,404
User_AB3742,,4294.7,500
User_AB2477,41.0,3949.5,404
User_AB5746,,1800.08,200
User_AB4118,50.0,3881.79,200
User_AB7351,37.0,4783.42,200
User_AB6664,39.0,3985.85,200
User_AB1549,46.0,3966.05,500
User_AB4550,35.0,2242.87,500
User_AB9715,48.0,2793.37,500
User_AB4694,26.0,4977.8,200
User_AB7529,60.0,968.53,500
User_AB9439,43.0,2844.82,500
User_AB5120,,2334.05,404
User_AB8695,44.0,3798.33,500
User_AB1238,42.0,3441.61,500
User_AB4740,45.0,4777.71,200
User_AB6627,60.0,2101.35,500
User_AB5469,25.0,950.96,500
User_AB1697,38.0,2043.03,404
User_AB7524,54.0,2118.15,500
User_AB7836,20.0,1065.87,500
User_AB9418,39.0,188.39,500
User_AB3318,62.0,1782.78,200
User_AB1418,40.0,1017.02,500
User_AB8605,,3672.31,500
User_AB8829,64.0,2320.07,404
User_AB1135,44.0,4645.22,500
User_AB8150,40.0,681.33,500
User_AB7164,23.0,2906.51,500
User_AB1232,47.0,3072.07,200
User_AB7614,36.0,2515.19,404
User_AB8297,42.0,3340.18,500
User_AB2218,23.0,1546.89,404
User_AB3715,51.0,1496.46,200
User_AB4213,65.0,4300.69,200
User_AB3067,43.0,518.62,500
User_AB4753,27.0,4511.58,200
User_AB2850,31.0,2080.11,500
User_AB7493,,3477.13,200
User_AB7212,28.0,1678.19,404
User_AB2702,39.0,3026.22,404
User_AB5122,39.0,3061.13,200
User_AB7803,28.0,2174.96,200
User_AB7470,49.0,1035.41,200
,40.0,2787.03,500
User_AB7896,22.0,2959.26,500
User_AB7143,43.0,1035.98,500
User_AB2214,20.0,2822.68,500
,65.0,922.81,200
User_AB1731,39.0,3872.96,200
User_AB4447,63.0,4115.54,500
User_AB6759,,240.37,404
User_AB4851,41.0,4170.52,404
User_AB4513,65.0,3891.32,200
User_AB8687,54.0,633.6,404
User_AB1874,44.0,4996.43,404
User_AB5130,51.0,1865.7,404
User_AB8234,24.0,2158.51,200
User_AB1730,26.0,1571.94,404
User_AB8487,52.0,3800.91,200
User_AB9363,37.0,2763.92,200
User_AB3959,39.0,569.58,404
User_AB6185,39.0,4804.87,404
User_AB5508,47.0,4389.3,200
User_AB9707,39.0,919.8,500
User_AB6085,,958.42,500
User_AB2465,57.0,936.86,404
User_AB2061,30.0,445.91,500
User_AB2473,29.0,536.29,500
User_AB6629,,3970.19,500
User_AB1358,52.0,1768.26,200
,33.0,1571.49,200
User_AB2906,52.0,4323.51,500
User_AB6823,,1923.85,200
User_AB7317,48.0,1066.13,200
User_AB7676,41.0,3058.19,404
User_AB1109,30.0,2344.29,500
User_AB8332,19.0,317.94,500
User_AB1661,61.0,868.17,200
User_AB4062,29.0,3264.36,200
User_AB1336,21.0,1486.89,404
User_AB4683,60.0,1587.84,404
User_AB3118,51.0,3548.09,200
User_AB4214,60.0,731.97,404
User_AB3985,56.0,4629.29,200
User_AB3962,61.0,2573.72,500
User_AB2812,64.0,386.97,404
User_AB6221,63.0,1031.84,200
User_AB2740,,2736.52,200
User_AB6152,39.0,500.42,404
User_AB7968,26.0,3307.21,404
User_AB9973,20.0,4592.69,404
User_AB1204,20.0,1903.98,404
User_AB2009,59.0,4483.84,200
User_AB9648,30.0,2909.93,500
User_AB5963,37.0,2257.09,404
User_AB4101,37.0,854.75,200
User_AB6759,50.0,2069.35,200
User_AB6968,25.0,3885.13,500
User_AB2852,34.0,4887.66,404
User_AB6413,29.0,3497.71,404
User_AB6187,26.0,3574.09,200
User_AB8594,23.0,3508.56,500
,46.0,1095.16,200
User_AB1024,63.0,3506.71,200
User_AB6060,,4624.92,500
User_AB1578,54.0,1114.46,500
User_AB1537,46.0,4854.1,200
User_AB9019,35.0,2382.79,200
User_AB9827,41.0,537.11,500
User_AB4149,51.0,599.21,404
User_AB6227,52.0,1313.17,200
User_AB8432,29.0,2584.33,500
User_AB4910,,2793.52,404
User_AB4122,18.0,290.44,200
User_AB4291,35.0,4158.38,404
User_AB3256,35.0,4462.78,404
User_AB1946,40.0,3331.82,OK
User_AB1549,40.0,3188.64,404
User_AB7834,42.0,112.01,Pending
User_AB6705,65.0,163.49,500
,24.0,3046.18,404
User_AB9487,61.0,2615.95,404
User_AB4130,26.0,595.54,404
User_AB5056,65.0,1580.01,404
User_AB2837,47.0,748.7,404
User_AB4137,61.0,3744.7,200
User_AB3458,22.0,3814.35,200
User_AB1783,56.0,890.8,200
User_AB5435,35.0,3081.45,200
User_AB9143,21.0,2590.17,404
User_AB3784,60.0,1055.86,404
User_AB2018,27.0,4107.69,404
User_AB7259,28.0,928.78,404
User_AB5979,19.0,3422.83,200
User_AB2560,39.0,1741.72,200
User_AB7476,41.0,857.27,200
User_AB1702,65.0,1093.81,Error
User_AB9933,,1647.08,404
User_AB6216,33.0,3756.03,500
User_AB2116,62.0,515.28,404
User_AB8625,50.0,1208.23,500
User_AB6834,28.0,1075.69,404
User_AB6882,,3830.91,200
User_AB6777,29.0,978.85,500
User_AB6589,26.0,648.42,500
User_AB9934,28.0,3664.18,200
User_AB6611,59.0,4343.57,200
User_AB7288,64.0,4577.69,500
User_AB6683,43.0,4405.7,500
User_AB4316,27.0,3451.53,200
User_AB4523,29.0,3551.13,404
User_AB1418,42.0,2533.62,200
User_AB5534,25.0,1822.57,OK
User_AB1081,47.0,4222.63,Pending
User_AB6252,21.0,1706.65,500
User_AB3176,58.0,3291.0,404
User_AB3462,60.0,4368.29,200
User_AB9094,42.0,1840.11,404
User_AB4955,50.0,4092.71,404
User_AB9231,59.0,4132.87,200
User_AB2180,24.0,1456.06,404
User_AB5290,61.0,3236.89,500
User_AB1747,19.0,3900.3,404
User_AB6457,55.0,3135.23,200
User_AB1204,49.0,2774.3,500
User_AB8262,51.0,3794.26,404
User_AB7837,47.0,4538.87,200
User_AB1099,44.0,2831.63,200
User_AB5096,61.0,2260.54,500
User_AB1479,,4338.67,500
User_AB6656,65.0,3057.18,404
User_AB9907,39.0,3324.23,500
User_AB5283,56.0,2937.14,200
User_AB3508,49.0,160.75,500
User_AB3144,53.0,1702.06,404
User_AB7952,42.0,4459.39,200
User_AB2678,51.0,2146.41,500
User_AB7588,45.0,218.24,500
User_AB7293,58.0,3677.65,500
User_AB3978,,2512.97,500
,40.0,718.53,404
User_AB7698,,1333.81,500
User_AB3548,60.0,2670.19,404
User_AB6165,57.0,3495.76,200
User_AB6354,22.0,4376.1,500
User_AB1047,49.0,1938.95,500
User_AB4112,36.0,450.83,500
,41.0,3739.75,200
,22.0,405.4,200
,56.0,4822.03,200
User_AB7271,20.0,263.16,500
User_AB6523,32.0,3529.4,200
User_AB1257,,2717.73,500
User_AB5754,55.0,4499.17,500
User_AB2270,,4363.63,404
User_AB3535,65.0,237.22,500
User_AB8617,38.0,1991.06,404
User_AB8404,35.0,1447.1,500
User_AB1751,30.0,417.8,500
User_AB6348,42.0,4465.59,404
User_AB2078,45.0,4471.32,404
User_AB5654,19.0,2088.64,200
User_AB2009,26.0,3760.01,404
User_AB3919,41.0,980.26,404
,56.0,3460.59,500
User_AB8964,,496.2,200
User_AB9698,21.0,1554.15,OK
User_AB2366,40.0,4153.07,200
User_AB2748,21.0,129.9,Pending
User_AB7458,25.0,4935.48,404
User_AB3839,32.0,485.96,500
User_AB8349,61.0,3648.5,404
User_AB4950,51.0,3053.72,500
User_AB7843,,4530.04,404
User_AB1972,30.0,693.17,500
User_AB4810,40.0,2086.85,500
User_AB8387,62.0,2892.18,404
User_AB1934,42.0,2375.2,500
User_AB2663,40.0,2385.21,500
User_AB2092,47.0,1949.9,500
User_AB2356,25.0,4323.06,Pending
User_AB8146,,4435.16,404
User_AB8585,,3669.98,404
User_AB9443,39.0,3135.95,200
User_AB1771,,1385.6,200
User_AB6398,41.0,2046.9,500
User_AB1397,35.0,1715.42,500
User_AB8125,,1812.64,404
User_AB2473,33.0,3644.52,500
User_AB3955,29.0,2319.27,500
User_AB3479,21.0,2914.77,500
User_AB2703,39.0,3134.03,Pending
User_AB2769,46.0,3584.5,500
User_AB9270,61.0,1124.14,500
User_AB5104,33.0,3182.27,404
User_AB2296,34.0,1635.22,500
User_AB8961,45.0,1860.18,404
User_AB2708,40.0,2820.38,500
User_AB1940,,2547.02,404
User_AB2035,32.0,1054.38,200
User_AB5652,61.0,3758.35,404
User_AB5434,19.0,1586.48,Error
User_AB3815,19.0,1285.28,404
User_AB4207,36.0,361.63,Error
User_AB2436,33.0,3344.85,200
User_AB3689,45.0,893.97,200
User_AB3501,50.0,2796.52,500
User_AB7319,,4660.93,200
User_AB4245,19.0,4251.19,500
User_AB7133,24.0,2457.89,404
User_AB7081,25.0,1539.39,200
User_AB5157,,2721.99,200
User_AB1419,38.0,3737.74,200
User_AB6749,44.0,323.05,404
User_AB8496,43.0,4356.49,500
User_AB6240,49.0,4048.76,404
User_AB4161,56.0,1992.59,200
User_AB1481,57.0,3640.68,200
User_AB6955,,2414.2,200
User_AB5292,22.0,2405.58,404
User_AB7609,39.0,787.06,500
User_AB6761,18.0,2389.69,200
User_AB5565,62.0,1742.81,404
User_AB1464,61.0,2987.89,200
User_AB3665,19.0,984.7,500
User_AB2779,22.0,1725.57,500
User_AB9829,20.0,1505.8,500
User_AB2596,58.0,202.44,200
User_AB6167,39.0,1673.3,404
User_AB1233,43.0,2167.87,200
User_AB5343,22.0,2142.33,404
User_AB3230,52.0,1332.94,404
User_AB3498,35.0,4494.82,500
User_AB4882,36.0,4304.19,404
User_AB9382,38.0,4185.19,500
User_AB4562,44.0,1874.52,500
User_AB3713,39.0,2557.35,404
User_AB9187,,4072.46,404
User_AB3117,54.0,2757.05,200
User_AB5535,25.0,665.98,404
User_AB6707,30.0,1172.47,200
User_AB3434,60.0,2336.42,404
User_AB1185,45.0,1755.59,200
User_AB9474,63.0,3408.96,404
User_AB7690,37.0,4795.75,404
User_AB7821,32.0,2405.75,200
,57.0,4118.12,404
User_AB3059,58.0,2933.61,200
User_AB3534,42.0,1327.9,404
User_AB5193,36.0,3506.89,404
User_AB4994,41.0,540.12,404
User_AB7750,46.0,2213.5,500
User_AB4645,37.0,3567.65,404
User_AB4655,55.0,4370.46,404
User_AB8194,,4414.22,404
User_AB6900,53.0,902.86,404
User_AB8674,51.0,1565.72,500
User_AB8015,56.0,999.05,500
User_AB9177,56.0,3822.52,500
User_AB5516,58.0,4610.45,200
User_AB8890,21.0,4496.01,500
User_AB2164,,4426.9,500
User_AB4893,55.0,823.47,500
User_AB1777,51.0,2853.48,200
User_AB5620,36.0,1312.59,200
User_AB2093,53.0,2881.59,Pending
User_AB7542,22.0,2570.28,200
User_AB5251,24.0,4650.38,500
User_AB8506,61.0,3061.84,OK
User_AB9322,45.0,3264.77,Pending
User_AB4103,,3138.03,500
User_AB2779,26.0,2117.53,200
User_AB2828,37.0,3057.42,404
User_AB6176,44.0,2276.5,500
User_AB2664,38.0,4521.17,500
User_AB3940,48.0,1852.42,200
User_AB6278,,1430.68,500
User_AB8488,54.0,3962.85,200
User_AB3674,56.0,2203.53,500
User_AB8165,,731.69,200
User_AB6006,62.0,705.04,500
User_AB1876,38.0,2373.16,404
User_AB5038,,2497.38,404
User_AB2088,,518.99,500
User_AB8830,18.0,1410.99,200
User_AB9361,25.0,2764.76,200
User_AB8594,53.0,3139.96,404
User_AB3475,59.0,4358.26,404
User_AB3883,26.0,4665.23,500
User_AB3457,31.0,945.66,Pending
User_AB4417,47.0,3916.68,500
,55.0,667.65,404
User_AB3659,47.0,2147.68,500
User_AB5221,42.0,2848.08,404
User_AB7964,53.0,2336.11,500
User_AB1180,28.0,2977.98,500
User_AB4116,38.0,543.37,500
User_AB9904,19.0,1404.9,500
User_AB8197,25.0,1773.2,Pending
User_AB2403,30.0,4910.25,200
User_AB7265,62.0,1641.5,200
User_AB3938,,3716.34,500
User_AB5569,,1932.49,500
User_AB5021,59.0,1219.32,500
User_AB4220,39.0,1421.12,500
User_AB9180,43.0,896.9,200
User_AB1405,34.0,1584.06,500
User_AB6525,52.0,1759.74,404
User_AB3513,57.0,3594.63,500
User_AB2892,32.0,1396.66,404
User_AB8156,52.0,4021.34,500
User_AB1578,,3420.36,404
User_AB3571,58.0,2484.11,500
User_AB2847,43.0,1608.66,500
User_AB9009,64.0,2721.73,200
User_AB9655,,2151.7,404
User_AB9698,18.0,4000.07,404
User_AB4187,59.0,1711.42,404
User_AB7519,,288.41,OK
User_AB8183,30.0,997.54,500
User_AB6654,29.0,4692.93,404
User_AB5912,25.0,1742.05,500
User_AB7619,29.0,2929.05,404
,62.0,2553.75,500
User_AB8629,55.0,3254.62,200
User_AB1950,26.0,450.69,200
User_AB1499,47.0,2068.01,404
User_AB6495,41.0,2565.6,500
User_AB5026,,3376.23,404
User_AB8947,34.0,3563.14,500
User_AB5706,43.0,720.86,404
User_AB8976,26.0,3872.71,200
User_AB2600,34.0,3957.28,404
User_AB4612,40.0,4925.29,200
User_AB7372,26.0,2426.83,404
User_AB4383,,1645.76,500
User_AB5411,23.0,4860.44,200
User_AB4708,39.0,846.46,200
User_AB2730,53.0,3458.51,404
User_AB6882,19.0,789.57,Pending
User_AB1589,,1021.57,200
User_AB9165,29.0,1993.56,200
User_AB3516,52.0,659.43,200
User_AB7924,64.0,4922.5,200
User_AB5860,58.0,2184.08,200
User_AB4278,42.0,2923.0,404
User_AB1244,36.0,742.1,200
User_AB3565,55.0,4555.7,404
User_AB9169,35.0,4035.39,500
User_AB8881,21.0,1597.25,500
User_AB9470,56.0,2200.96,500
User_AB8965,20.0,1809.29,404
,58.0,1708.9,200
User_AB1766,59.0,1209.7,404
User_AB3109,28.0,3869.68,404
User_AB9227,47.0,4886.13,500
User_AB4482,37.0,2611.32,500
User_AB6251,42.0,1663.97,200
User_AB7749,50.0,2100.02,200
User_AB8457,41.0,4637.74,500
User_AB6954,22.0,4350.33,500
User_AB1785,55.0,4005.88,500
User_AB3700,25.0,4862.76,500
User_AB2684,64.0,2863.73,500
User_AB5696,38.0,2691.89,404
User_AB4361,25.0,4291.26,404
User_AB9382,25.0,3759.14,500
User_AB8510,48.0,4017.35,404
User_AB7626,47.0,3651.02,500
User_AB8474,32.0,1653.71,404
User_AB4817,43.0,3836.1,500
User_AB8738,19.0,4383.25,404
User_AB6640,21.0,3802.79,500
User_AB6592,64.0,1892.63,500
User_AB1430,56.0,1841.73,200
User_AB3853,42.0,3876.73,200
User_AB2255,58.0,2679.13,500
User_AB3250,32.0,3405.09,200
User_AB1025,52.0,3860.59,404
User_AB1758,62.0,1302.57,404
User_AB7728,31.0,4762.5,404
User_AB3893,45.0,3741.55,500
User_AB3764,48.0,2002.51,404
User_AB6870,38.0,2274.35,404
User_AB2462,18.0,3309.87,500
User_AB5312,31.0,1764.69,200
User_AB5359,30.0,864.61,404
User_AB3491,62.0,1031.77,200
User_AB4037,63.0,1623.44,OK
,30.0,2996.54,404
User_AB1044,18.0,2662.94,404
User_AB3633,45.0,4621.4,200
User_AB9638,42.0,2514.28,200
User_AB3806,50.0,3562.48,500
User_AB3346,22.0,1318.62,404
User_AB8077,29.0,1710.59,200
User_AB4299,52.0,3191.99,404
User_AB5628,52.0,3292.21,500
User_AB4486,25.0,3100.8,404
User_AB9923,34.0,1431.09,404
User_AB4969,39.0,2502.26,200
User_AB1763,53.0,1490.08,200
User_AB3743,50.0,4322.96,200
User_AB6255,64.0,190.78,404
User_AB6688,19.0,3163.64,500
User_AB8179,61.0,896.14,200
User_AB4211,50.0,4898.3,404
,47.0,2828.35,500
User_AB5410,41.0,4498.89,500
User_AB9493,47.0,235.6,200
,,3180.19,500
User_AB5685,32.0,4549.33,404
User_AB6117,43.0,3631.36,404
User_AB8118,53.0,1874.12,200
User_AB6812,39.0,1228.6,404
User_AB4975,42.0,2093.69,404
User_AB9068,39.0,1597.75,404
User_AB7058,,1240.35,500
User_AB5974,28.0,4352.22,500
User_AB5396,51.0,2027.72,200
User_AB8136,28.0,2933.24,Error
User_AB1920,24.0,2843.67,OK
User_AB4942,20.0,2943.28,404
User_AB4292,18.0,4592.69,404
User_AB7624,54.0,2634.12,404
User_AB6810,45.0,4935.2,404
User_AB2349,,4448.08,500
User_AB4182,34.0,4444.76,500
User_AB7188,61.0,1740.3,500
User_AB9007,50.0,2140.91,200
User_AB9720,25.0,1461.43,200
User_AB9789,44.0,1819.27,500
User_AB5724,59.0,955.73,404
User_AB6824,39.0,3236.94,404
User_AB2235,40.0,1779.91,200
User_AB6581,35.0,926.27,404
User_AB8664,49.0,1069.3,200
User_AB6127,40.0,108.38,200
User_AB7186,24.0,3877.49,500
User_AB9745,53.0,4923.5,404
User_AB3699,,2275.58,200
User_AB9533,,3263.18,500
User_AB6963,29.0,2241.44,404
User_AB9226,56.0,1393.81,200
User_AB3033,41.0,960.46,404
User_AB1301,35.0,1333.08,Error
User_AB1145,46.0,1357.41,404
User_AB7512,52.0,2271.83,200
User_AB4643,54.0,4435.9,500
User_AB6037,,689.92,200
,49.0,4284.16,404
User_AB6691,50.0,4143.89,200
User_AB7624,27.0,1675.75,404
User_AB2861,,2702.09,500
User_AB9548,25.0,4165.83,500
User_AB3500,58.0,2551.72,404
User_AB5587,,1961.09,404
User_AB8649,64.0,3273.68,404
User_AB7763,59.0,1096.05,404
User_AB4751,59.0,1347.95,500
User_AB6604,31.0,3271.48,200
User_AB6275,23.0,1808.55,404
User_AB2467,65.0,843.28,OK
User_AB1348,31.0,4137.48,404
User_AB5068,,1139.44,404
User_AB4311,35.0,2278.26,500
User_AB2632,60.0,1451.57,200
User_AB5605,42.0,4526.61,404
User_AB6979,37.0,766.39,404
User_AB7204,55.0,4616.82,404
User_AB1316,48.0,2014.33,OK
User_AB8363,28.0,2694.22,404
User_AB5836,,2033.61,404
User_AB8117,30.0,2213.12,500
User_AB5236,30.0,4725.2,500
User_AB3352,62.0,3740.11,500
User_AB5520,65.0,4834.06,200
User_AB2039,55.0,235.93,500
User_AB6916,63.0,4715.37,500
User_AB1940,,2547.02,404
User_AB9518,54.0,4132.04,Error
User_AB8302,59.0,4444.01,500
User_AB3794,40.0,860.78,OK
User_AB8542,53.0,3831.26,404
User_AB6102,25.0,4468.89,404
User_AB9369,,605.94,OK
User_AB7020,37.0,491.27,404
User_AB1957,56.0,3920.73,500
User_AB8984,63.0,3706.57,404
User_AB3975,27.0,392.44,404
User_AB9709,36.0,4376.61,404
,57.0,4151.85,500
User_AB6528,33.0,4526.64,200
User_AB3688,34.0,336.01,Pending
User_AB1723,32.0,1809.14,200
User_AB7871,35.0,3978.74,500
User_AB2965,44.0,3255.73,404
User_AB6631,48.0,1850.15,200
User_AB8068,45.0,1526.5,404
User_AB2663,61.0,4831.27,404
User_AB8265,23.0,3622.48,200
User_AB3810,40.0,4829.31,404
User_AB1689,60.0,2927.64,200
User_AB4020,25.0,2711.86,404
User_AB2812,42.0,1255.87,200
User_AB9534,28.0,1046.64,500
User_AB2334,59.0,4037.6,500
User_AB9070,35.0,798.43,404
User_AB5140,,2128.5,200
User_AB3460,35.0,3755.92,200
User_AB1454,47.0,444.65,404
User_AB5022,27.0,4373.86,200
User_AB9299,37.0,2726.67,500
User_AB6470,30.0,1391.02,404
User_AB8023,22.0,4071.54,200
User_AB7495,65.0,937.49,404
User_AB8917,30.0,1451.4,404
User_AB2061,59.0,4893.04,200
User_AB6021,45.0,2286.05,200
User_AB1779,18.0,2424.46,200
User_AB7111,25.0,3034.96,404
User_AB6256,56.0,2815.5,200
User_AB8666,28.0,3667.33,404
User_AB3562,25.0,2271.68,500
User_AB3745,19.0,3424.98,500
,65.0,4999.72,404
User_AB5217,40.0,4781.77,404
User_AB6226,36.0,528.71,500
User_AB5969,35.0,881.15,200
User_AB4127,26.0,1628.48,500
User_AB3756,38.0,1315.16,200
User_AB8647,,2929.48,404
,50.0,3920.81,200
User_AB3378,30.0,1906.97,Error
User_AB3464,64.0,351.63,500
User_AB2674,56.0,2009.37,200
User_AB6753,23.0,590.28,200
User_AB2849,28.0,1743.48,500
User_AB8015,60.0,3146.66,200
User_AB6917,36.0,4853.5,500
User_AB1578,,3420.36,404
User_AB1765,18.0,3927.66,500
User_AB9281,34.0,1017.38,500
,45.0,2587.43,200
User_AB4902,23.0,1342.23,500
User_AB5510,57.0,3545.54,500
User_AB9563,42.0,2831.94,500
User_AB3497,49.0,1714.7,200
User_AB7416,35.0,2985.65,200
User_AB7274,65.0,2519.13,500
User_AB3363,20.0,1121.32,500
User_AB7084,49.0,2963.99,404
User_AB3624,,1867.56,200
User_AB6346,19.0,1665.04,200
User_AB4405,65.0,2728.45,Error
User_AB9899,19.0,213.51,404
User_AB2439,59.0,2367.01,404
User_AB7728,52.0,4833.1,404
User_AB9015,31.0,4889.54,500
User_AB8653,59.0,1574.02,500
User_AB2689,27.0,1665.15,500
User_AB9043,53.0,2236.32,500
User_AB4933,27.0,3181.86,500
User_AB3560,59.0,4313.18,200
User_AB4927,25.0,3477.05,404
User_AB6762,,850.56,200
User_AB4029,33.0,2547.12,200
User_AB3490,62.0,4915.34,500
User_AB7027,,4737.29,200
User_AB8659,18.0,1206.03,500
User_AB4548,38.0,1399.43,500
User_AB3271,28.0,1263.64,500
User_AB2070,50.0,3244.1,404
User_AB1043,51.0,4650.91,500
User_AB5629,23.0,108.41,500
User_AB7295,47.0,4975.45,500
User_AB2295,18.0,2088.76,200
User_AB2328,,1876.58,404
User_AB8832,49.0,1906.56,200
User_AB3128,61.0,874.05,200
User_AB3547,60.0,2584.93,200
User_AB1722,43.0,1777.26,500
User_AB1469,40.0,4990.4,500
User_AB6921,48.0,1603.22,Error
User_AB9691,47.0,373.15,200
User_AB8631,63.0,1072.4,200
User_AB4742,39.0,4150.51,404
User_AB8070,32.0,2475.47,500
User_AB8868,,3869.42,404
User_AB9598,63.0,4451.15,500
User_AB1965,25.0,2110.65,500
User_AB4763,50.0,1266.94,200
User_AB3111,42.0,2805.2,200
User_AB9625,61.0,529.34,404
User_AB9726,51.0,3031.72,200
User_AB2344,39.0,3268.52,200
User_AB5703,51.0,4279.52,200
User_AB3121,19.0,118.71,200
User_AB1299,37.0,3404.57,200
User_AB4751,60.0,1922.37,500
User_AB3117,53.0,4665.01,500
User_AB7882,45.0,3648.5,404
User_AB3203,65.0,3439.35,500
User_AB7501,58.0,2509.7,200
User_AB3329,36.0,3811.67,500
User_AB3547,46.0,2761.82,500
User_AB3047,19.0,1392.99,200
User_AB1178,42.0,4823.7,404
User_AB8132,61.0,1422.07,404
User_AB4934,64.0,4156.01,404
User_AB8608,50.0,332.75,500
User_AB5892,56.0,3194.6,500
User_AB2118,38.0,2640.21,500
User_AB8177,,1206.76,200
User_AB4796,47.0,2938.31,200
User_AB7785,36.0,4437.13,200
User_AB9341,65.0,2076.23,500
User_AB6708,48.0,1555.62,404
User_AB8312,59.0,2525.17,200
User_AB3222,33.0,3751.03,200
User_AB4326,56.0,1449.73,200
User_AB1879,23.0,3295.15,500
User_AB3481,21.0,2346.88,500
User_AB2487,46.0,2630.16,200
User_AB2260,45.0,2656.34,500
User_AB6927,62.0,1430.4,404
User_AB6353,,2934.27,200
User_AB7282,,542.18,404
User_AB1876,22.0,3779.37,500
,18.0,4831.34,200
User_AB8166,23.0,295.51,200
User_AB1140,,4730.36,200
User_AB3442,24.0,3905.04,404
User_AB4162,35.0,2791.46,Pending
User_AB3700,19.0,2357.6,404
,30.0,4743.87,404
User_AB2891,43.0,555.91,500
User_AB4145,65.0,4753.23,200
User_AB8480,59.0,4365.22,200
User_AB1726,54.0,4070.79,404
User_AB6779,38.0,3725.06,404
User_AB5671,34.0,3582.2,404
User_AB3766,27.0,1671.48,200
User_AB7986,35.0,2539.62,404
User_AB5511,64.0,232.18,404
User_AB6793,22.0,4583.59,200
,61.0,849.96,200
,39.0,4386.81,404
User_AB9404,,4967.06,404
,61.0,2898.34,404
User_AB1399,27.0,3637.82,OK
User_AB4973,,3020.51,404
User_AB6608,45.0,4368.59,Pending
User_AB7122,62.0,2974.93,200
User_AB7095,42.0,4201.26,500
User_AB6037,43.0,3947.01,500
User_AB8519,,1912.33,404
User_AB4159,38.0,3709.55,404
User_AB4315,,4480.42,500
User_AB3524,31.0,3403.22,404
User_AB9690,,976.01,500
User_AB9100,56.0,2739.81,500
User_AB4396,41.0,4499.78,404
User_AB1369,52.0,3088.02,200
User_AB7018,39.0,534.02,500
User_AB9644,28.0,1365.32,200
User_AB1906,24.0,1654.94,Error
User_AB2638,36.0,3945.37,404
User_AB2559,,4360.87,200
User_AB5186,48.0,865.26,500
,34.0,4083.56,Error
User_AB6639,36.0,2871.57,200
User_AB4710,,2711.26,200
,44.0,4313.25,404
User_AB9115,41.0,4313.75,500
User_AB1539,45.0,4652.06,404
User_AB4546,59.0,3023.46,200
,59.0,1058.33,200
User_AB3906,19.0,1042.5,200
User_AB8843,32.0,2827.97,200
User_AB6844,26.0,1506.8,404
User_AB7200,51.0,4039.1,200
User_AB5301,25.0,725.93,404
User_AB6027,41.0,2427.86,404
,29.0,4054.88,200
User_AB2751,24.0,277.95,Pending
User_AB1646,51.0,4386.94,500
User_AB8464,23.0,3128.15,500
User_AB6607,60.0,509.96,Error
User_AB5283,56.0,2937.14,200
,27.0,2574.77,404
User_AB2032,,1740.68,500
User_AB4487,24.0,1156.76,200
User_AB5865,55.0,1669.69,200
User_AB2607,41.0,2009.94,500
User_AB3307,41.0,808.4,200
User_AB8673,39.0,435.52,404
User_AB7153,30.0,488.02,200
User_AB4875,18.0,4481.49,500
User_AB8653,28.0,3853.64,200
User_AB7051,35.0,3188.26,500
,,4922.03,200
User_AB3811,65.0,876.65,200
User_AB4631,26.0,2073.75,Error
User_AB2588,22.0,1443.29,Error
User_AB2113,59.0,4088.79,Pending
User_AB3431,41.0,4333.89,200
User_AB8488,54.0,3962.85,200
User_AB4162,25.0,3546.61,404
User_AB3277,46.0,529.25,404
User_AB9314,46.0,373.08,200
User_AB1379,58.0,256.55,404
User_AB5108,18.0,663.53,500
User_AB1263,28.0,4569.14,500
User_AB8616,46.0,2240.85,200
User_AB5522,52.0,3854.24,200
User_AB6753,43.0,4058.17,404
User_AB4640,49.0,4054.16,500
User_AB9656,51.0,4424.19,500
User_AB6442,22.0,3054.83,200
User_AB4067,62.0,2280.91,Pending
User_AB3001,26.0,3740.52,404
User_AB3174,46.0,1644.64,200
User_AB1026,64.0,1090.36,200
User_AB4967,63.0,2717.68,200
User_AB1168,22.0,474.83,500
User_AB5553,18.0,1684.44,404
User_AB6843,59.0,3446.88,404
User_AB5263,62.0,4134.75,200
User_AB4001,47.0,4328.25,500
,51.0,1813.68,500
User_AB6923,27.0,582.13,404
User_AB7992,35.0,4044.99,404
User_AB6646,60.0,2173.08,500
User_AB5027,57.0,3420.34,200
User_AB3003,59.0,3779.52,200
User_AB2318,64.0,2128.57,500
User_AB3503,62.0,3853.92,200
User_AB4420,26.0,2865.51,200
User_AB2055,18.0,4885.15,500
,48.0,3522.27,200
User_AB9757,49.0,3101.42,404
User_AB3718,62.0,3157.28,200
User_AB2774,37.0,1146.47,500
User_AB8348,62.0,4413.35,404
User_AB6365,56.0,2315.95,200
User_AB8288,53.0,4166.05,404
User_AB6730,53.0,4196.17,200
User_AB4552,41.0,3015.41,500
User_AB6332,61.0,2245.68,500
User_AB2530,33.0,611.13,404
User_AB9738,40.0,3138.53,500
User_AB4594,46.0,4026.5,OK
,46.0,3749.19,200
User_AB1527,29.0,2408.53,500
User_AB2847,43.0,1608.66,500
User_AB5456,33.0,4013.56,200
User_AB2388,21.0,961.45,200
User_AB6205,37.0,2318.68,500
User_AB1809,23.0,1218.69,500
User_AB6225,29.0,1566.06,404
User_AB7270,57.0,179.05,404
User_AB9989,,1145.24,200
User_AB9381,58.0,243.05,404
,55.0,1074.15,404
User_AB6630,42.0,1752.85,200
User_AB8964,30.0,2834.33,404
User_AB3778,54.0,1653.91,500
User_AB2228,,1257.19,200
User_AB5865,29.0,123.05,500
User_AB6062,61.0,2262.8,404
User_AB2030,59.0,2209.59,500
User_AB8384,21.0,4553.27,404
User_AB8761,,290.74,404
User_AB4166,,427.53,404
User_AB1494,34.0,2208.35,500
User_AB3370,54.0,3750.26,500
User_AB7321,,4247.49,200
User_AB4315,30.0,1797.25,200
User_AB9231,59.0,4132.87,200
User_AB6917,62.0,1779.08,500
User_AB7262,42.0,349.06,500
User_AB2778,47.0,1421.4,500
User_AB3307,41.0,808.4,200
User_AB7117,60.0,1442.37,500
User_AB6688,30.0,1515.25,404
User_AB8927,37.0,2578.33,200
User_AB1760,44.0,585.12,500
User_AB8961,33.0,298.3,OK
User_AB3162,47.0,3361.52,200
User_AB4401,35.0,1370.46,500
User_AB6957,,4088.65,404
User_AB3053,48.0,2768.11,404
User_AB7835,42.0,589.39,500
User_AB7676,,2172.87,500
User_AB4780,24.0,2194.33,200
User_AB4717,19.0,981.9,500
User_AB3439,40.0,3832.73,200
User_AB6815,52.0,4089.73,200
User_AB1889,41.0,3183.44,404
User_AB2968,36.0,2722.02,500
User_AB2210,54.0,855.75,500
User_AB8588,38.0,2557.26,404
,53.0,1155.84,200
User_AB5194,,4392.51,Pending
User_AB6749,44.0,323.05,404
User_AB5625,60.0,1893.67,200
User_AB3688,37.0,4899.43,200
User_AB4571,21.0,1025.06,404
User_AB8081,23.0,4526.24,404
User_AB5235,43.0,4679.84,500
User_AB1219,58.0,215.93,404
User_AB5032,24.0,241.12,500
User_AB1507,,3708.8,404
User_AB9050,50.0,4697.76,404
User_AB3207,65.0,1651.17,500
User_AB5858,35.0,3810.03,200
User_AB8109,44.0,1240.07,404
,24.0,1103.31,200
User_AB1348,49.0,4453.06,500
User_AB6456,65.0,4841.04,200
User_AB6064,59.0,4433.59,404
User_AB1914,26.0,3287.88,404
User_AB4502,53.0,658.03,404
User_AB5332,47.0,4043.8,404
User_AB5491,54.0,3223.22,500
User_AB4268,54.0,1330.5,500
User_AB4206,60.0,498.4,500
User_AB4768,54.0,3099.9,404
User_AB1888,,1492.27,500
User_AB1799,31.0,375.86,404
User_AB1022,33.0,3870.57,200
User_AB9980,22.0,1587.6,200
User_AB8607,56.0,846.12,500
User_AB2414,55.0,269.39,500
User_AB3824,29.0,781.56,404
,46.0,4873.6,200
User_AB9859,45.0,1363.89,404
User_AB9832,30.0,2847.65,200
User_AB5050,64.0,4158.21,404
User_AB1892,61.0,4908.72,200
User_AB7807,28.0,1368.81,404
User_AB7059,31.0,1165.37,500
,35.0,2719.55,404
User_AB1543,40.0,989.24,500
User_AB3607,23.0,4535.66,500
User_AB5865,43.0,1974.5,Error
User_AB9552,27.0,3528.29,404
User_AB2535,48.0,1207.73,200
User_AB2822,60.0,330.7,500
User_AB7180,27.0,4545.02,200
User_AB2642,64.0,4244.33,200
User_AB8120,45.0,3853.25,404
User_AB2698,61.0,3140.08,404
User_AB7141,,3869.93,500
User_AB8705,31.0,2529.84,404
User_AB9772,,410.65,404
User_AB7650,52.0,1580.54,404
User_AB3434,60.0,2336.42,404
User_AB4352,38.0,1810.52,500
User_AB2682,25.0,1748.35,200
User_AB8827,55.0,156.44,200
User_AB5420,21.0,967.83,200
User_AB4601,34.0,3018.93,404
User_AB3539,19.0,2951.5,404
User_AB4963,41.0,2273.36,500
User_AB3553,,2799.88,Pending
User_AB6063,,2837.48,404
User_AB6441,37.0,2138.81,200
User_AB1426,20.0,2469.98,200
User_AB3499,26.0,3492.03,500
User_AB7778,34.0,4856.52,404
User_AB7637,51.0,1317.61,500
User_AB7483,57.0,340.6,200
User_AB4830,46.0,4212.77,200
User_AB2255,58.0,2679.13,500
User_AB1750,53.0,4654.9,500
User_AB2982,60.0,2875.55,404
User_AB1008,48.0,4535.62,200
User_AB2770,62.0,4893.84,404
User_AB1769,35.0,4188.47,200
User_AB5924,29.0,4054.31,500
User_AB1761,50.0,1034.19,200
User_AB2969,51.0,4754.26,500
User_AB6960,34.0,459.87,404
User_AB8369,23.0,1652.24,200
,57.0,4574.37,200
User_AB2035,21.0,3684.86,404
,41.0,443.34,500
User_AB4931,46.0,4874.03,OK
User_AB6312,46.0,4322.51,404
User_AB5079,,1997.85,404
User_AB2111,54.0,1313.26,404
User_AB8294,44.0,1028.09,500
User_AB5543,,1466.02,200
,33.0,4228.55,404
User_AB6409,26.0,345.76,500
User_AB4569,46.0,1103.07,500
User_AB7842,22.0,2129.64,200
,65.0,4687.73,404
User_AB1107,,1584.79,Pending
User_AB8393,35.0,2362.85,404
User_AB3559,38.0,1750.69,500
User_AB2035,32.0,1054.38,200
User_AB6466,56.0,4630.18,200
User_AB7392,31.0,3900.67,200
User_AB5841,42.0,2744.67,500
User_AB6026,63.0,1248.9,404
User_AB2057,36.0,1126.97,404
User_AB9530,43.0,3087.48,404
User_AB7950,53.0,4979.89,404
User_AB8877,64.0,4484.53,500
User_AB4170,34.0,3857.26,500
User_AB4930,52.0,626.24,500
User_AB8301,21.0,4677.03,500
User_AB9259,,446.48,200
User_AB8629,55.0,3254.62,200
User_AB4305,58.0,1284.69,500
User_AB8761,32.0,443.21,500
User_AB6393,36.0,1390.71,404
User_AB1478,32.0,384.29,404
User_AB7175,36.0,2026.69,500
User_AB8013,23.0,2303.78,200
User_AB3557,,4402.3,404
User_AB2405,25.0,4279.93,404
User_AB9909,24.0,801.33,200
User_AB1143,47.0,3080.59,500
User_AB1150,55.0,1122.07,200
User_AB4247,21.0,1671.04,200
User_AB7835,27.0,2959.99,404
User_AB5664,51.0,3741.65,500
User_AB2566,35.0,2222.6,404
User_AB3512,48.0,1242.3,404
User_AB3476,63.0,305.52,404
User_AB4769,25.0,4506.95,200
User_AB1299,39.0,2554.75,404
User_AB7261,43.0,3338.24,200
User_AB7579,33.0,3144.2,404
User_AB6810,46.0,4439.1,200
User_AB5146,65.0,1172.35,500
User_AB1759,18.0,3645.3,200
User_AB4341,28.0,113.18,500
User_AB5481,21.0,3373.8,200
User_AB8819,55.0,3868.63,500
User_AB8504,60.0,4166.35,404
User_AB5768,,2267.95,404
User_AB9906,27.0,4638.01,404
User_AB9072,59.0,3222.07,Pending
User_AB8030,31.0,153.71,500
User_AB1528,59.0,3412.69,500
User_AB6008,56.0,4963.89,200
User_AB1226,64.0,1495.68,200
,,2128.46,200
User_AB5593,51.0,2611.64,200
User_AB3416,18.0,1988.11,500
User_AB7226,50.0,2860.98,200
User_AB5742,26.0,2633.6,200
User_AB2353,20.0,802.32,500
User_AB1476,64.0,3844.84,404
User_AB9942,46.0,3441.97,404
User_AB1367,47.0,1533.46,500
User_AB9675,50.0,3942.22,200
User_AB8653,28.0,3853.64,200
User_AB4187,27.0,1732.56,200
User_AB9648,25.0,2842.18,404
User_AB4762,,3230.69,404
User_AB8765,,1711.67,404
User_AB1357,32.0,4989.24,500
User_AB7901,64.0,2119.39,200
User_AB2734,,2948.16,200
User_AB3268,58.0,1618.5,500
User_AB1982,41.0,3406.21,500
User_AB9697,21.0,2002.51,200
User_AB4265,55.0,1073.44,500
User_AB5165,,4372.17,200
User_AB4935,30.0,4921.37,200
User_AB7129,25.0,541.54,Error
User_AB1280,59.0,1403.39,500
User_AB3703,62.0,1090.89,200
User_AB5712,26.0,3042.9,OK
User_AB8015,48.0,2920.97,500
User_AB1258,55.0,1090.09,404
,21.0,3833.73,404
User_AB9745,38.0,3070.6,404
User_AB7903,,2863.12,200
User_AB6992,23.0,1383.91,500
User_AB2071,61.0,1165.04,200
User_AB9719,65.0,684.41,Pending
User_AB4889,64.0,2537.09,500
User_AB6442,22.0,2499.57,404
User_AB1006,41.0,1906.16,500
User_AB3288,50.0,4476.67,404
User_AB7995,20.0,801.02,404
User_AB9557,25.0,1838.31,200
User_AB2554,36.0,3710.45,404
User_AB2624,40.0,373.63,500
User_AB5738,47.0,1419.93,404
User_AB5463,24.0,2564.75,200
User_AB7292,56.0,4294.03,500
User_AB5852,23.0,150.11,Error
User_AB1338,22.0,3345.8,500
User_AB3613,,4435.82,200
User_AB8578,39.0,2298.34,404
User_AB8696,64.0,3846.69,404
,20.0,4766.14,200
User_AB6838,45.0,2908.48,200
User_AB8031,47.0,508.43,200
User_AB3066,63.0,1237.1,404
User_AB3013,18.0,3190.18,404
User_AB4118,36.0,1092.73,500
User_AB9369,,605.94,OK
User_AB5910,33.0,4362.69,404
,25.0,2656.25,500
User_AB4579,64.0,1559.18,200
User_AB5539,31.0,3214.38,404
User_AB4840,18.0,540.06,500
User_AB6926,33.0,2992.75,200
User_AB1804,24.0,4867.02,404
User_AB6659,64.0,1654.3,200
User_AB3303,35.0,4319.07,200
User_AB7745,61.0,701.87,404
User_AB6854,,4971.71,200
User_AB3966,48.0,1944.9,200
User_AB8943,54.0,1454.46,500
User_AB2595,38.0,198.57,200
User_AB7581,40.0,4335.93,200
User_AB2003,35.0,4792.27,200
User_AB7277,56.0,1373.67,200
User_AB2144,42.0,1078.31,404
User_AB3214,23.0,4300.41,404
User_AB5866,,2030.78,500
User_AB3623,63.0,4941.69,404
User_AB8714,51.0,2841.98,500
,39.0,4809.22,404
User_AB2397,31.0,1197.23,200
User_AB3025,46.0,3066.67,500
User_AB2434,42.0,3657.19,404
User_AB8537,60.0,2485.44,200
User_AB9426,56.0,2591.07,404
User_AB9152,18.0,1398.0,500
User_AB9982,63.0,292.15,404
User_AB2529,,4099.14,500
User_AB3958,45.0,2385.08,404
User_AB7367,33.0,2875.48,500
User_AB9621,56.0,1713.07,500
,51.0,1813.68,500
User_AB8807,48.0,3689.35,500
User_AB6933,21.0,3208.53,404
User_AB4756,36.0,4716.66,404
User_AB5477,35.0,3734.73,404
User_AB4674,29.0,3199.24,500
User_AB8332,19.0,317.94,500
User_AB2642,53.0,3104.29,404
User_AB4065,61.0,3670.66,500
User_AB1571,44.0,1533.15,500
User_AB5149,38.0,4446.83,500
User_AB2734,45.0,534.25,200
User_AB2277,23.0,3425.78,500
User_AB3412,31.0,4845.16,404
User_AB8278,25.0,1000.46,404
User_AB2265,52.0,3027.77,404
User_AB4749,,1819.03,500
User_AB9052,63.0,2376.05,200
User_AB9591,64.0,3490.26,200
User_AB3756,43.0,865.25,200
User_AB2379,36.0,2310.51,OK
User_AB9168,45.0,1967.68,500
User_AB8258,,2157.73,404
User_AB2075,61.0,4890.08,500
User_AB2181,27.0,4489.54,500
,28.0,4229.7,500
User_AB9269,29.0,999.51,200
User_AB7164,,3192.56,200
User_AB2932,34.0,2646.15,200
User_AB8924,35.0,299.67,200
User_AB4228,55.0,3598.7,200
User_AB9669,33.0,4755.35,200
User_AB2726,61.0,4087.67,500
User_AB3611,63.0,4930.02,404
User_AB2759,19.0,1693.06,404
User_AB3771,35.0,1074.49,404
User_AB4481,65.0,1843.4,404
User_AB4618,18.0,2192.46,200
User_AB2273,33.0,269.94,500
User_AB8753,60.0,3938.83,404
User_AB3228,40.0,2357.54,500
User_AB2089,18.0,1614.12,200
User_AB1960,,589.15,404
User_AB1147,50.0,4770.17,200
User_AB6893,52.0,2302.28,404
User_AB5082,63.0,4444.88,200
User_AB6023,24.0,778.98,500
User_AB2121,59.0,4806.25,200
,52.0,1458.16,500
User_AB3137,,1094.57,200
User_AB9899,35.0,2590.19,200
User_AB1196,,843.2,200
User_AB6587,28.0,1469.62,500
User_AB5893,44.0,3166.92,404
User_AB9531,43.0,140.99,500
User_AB5232,,2705.73,200
,21.0,2636.79,500
User_AB4135,,4984.41,200
User_AB5031,40.0,442.8,500
User_AB9621,46.0,1542.9,200
User_AB8685,61.0,1960.27,200
User_AB3188,38.0,4972.82,404
User_AB6862,65.0,858.92,500
User_AB6624,51.0,1592.23,404
User_AB9793,62.0,4406.72,200
,59.0,2751.05,500
User_AB4320,29.0,1714.66,404
User_AB5182,32.0,509.51,500
User_AB7219,30.0,3517.15,500
User_AB3982,27.0,567.13,200
User_AB1888,33.0,987.46,500
User_AB4777,37.0,1459.66,404
User_AB2301,63.0,3845.14,OK
User_AB2500,65.0,1359.22,500
User_AB4094,58.0,915.47,500
User_AB9555,19.0,3603.57,200
User_AB7017,62.0,1468.37,200
User_AB5621,63.0,3478.52,404
User_AB5293,22.0,2514.08,404
User_AB1222,59.0,4314.27,500
User_AB4724,41.0,337.28,500
User_AB2579,63.0,3025.36,404
User_AB6652,31.0,4547.59,200
User_AB7211,46.0,2246.26,404
User_AB9082,37.0,340.02,404
,26.0,2947.65,404
User_AB9949,60.0,744.06,200
User_AB5398,59.0,2382.18,Error
User_AB6021,56.0,1669.95,500
User_AB6424,48.0,3502.1,200
User_AB2568,43.0,1179.32,404
User_AB9809,50.0,2713.86,200
User_AB1977,30.0,3682.73,200
User_AB7011,39.0,2324.45,200
User_AB4968,,4926.73,500
User_AB5113,23.0,376.19,404
User_AB8288,49.0,2252.31,404
User_AB1169,46.0,3400.69,Pending
User_AB4764,24.0,3212.94,404
User_AB8924,40.0,945.6,200
User_AB7971,,1700.17,404
User_AB9401,,703.18,404
User_AB5260,24.0,283.82,404
User_AB7543,37.0,1502.44,404
User_AB1193,48.0,4168.28,200
User_AB2525,51.0,2481.38,404
User_AB8516,36.0,2059.6,200
User_AB7666,46.0,2273.6,404
User_AB5373,48.0,4859.99,200
User_AB4541,41.0,4793.03,500
User_AB5079,58.0,289.68,500
User_AB7978,62.0,4742.94,200
User_AB9893,,2933.92,500
User_AB3940,50.0,1923.33,500
User_AB6459,,4561.15,500
User_AB6727,55.0,4818.74,404
User_AB1611,,2637.19,500
User_AB4744,55.0,2807.11,404
User_AB3946,61.0,4904.62,500
User_AB1923,47.0,1995.79,500
User_AB3622,47.0,1867.56,200
,40.0,977.91,404
User_AB9878,63.0,1549.89,404
User_AB7784,37.0,4459.19,500
,,3256.71,200
User_AB9546,18.0,4982.26,404
User_AB3267,24.0,4222.01,500
User_AB3747,51.0,2848.32,404
User_AB4442,42.0,2992.74,200
User_AB4091,35.0,465.08,200
User_AB5161,46.0,1900.32,404
User_AB8368,62.0,293.13,404
User_AB4121,49.0,209.76,500
User_AB1033,36.0,3221.26,500
User_AB1394,28.0,3133.94,500
User_AB9577,44.0,2066.15,500
User_AB3412,50.0,4135.52,404
User_AB9648,30.0,2909.93,500
User_AB2095,53.0,2195.52,200
User_AB5867,28.0,2897.1,404
User_AB9695,46.0,1538.63,404
User_AB8584,46.0,484.73,Pending
User_AB1974,39.0,3448.8,200
User_AB8558,43.0,203.26,OK
User_AB8234,42.0,3183.11,500
User_AB4330,,1119.0,200
User_AB5052,43.0,4940.54,404
User_AB6400,,3235.87,404
User_AB3462,20.0,4713.25,200
User_AB1887,24.0,774.85,404
User_AB8153,48.0,2887.31,500
User_AB7930,43.0,4386.52,200
User_AB1920,35.0,3053.66,500
User_AB6205,24.0,3751.99,404
User_AB4415,61.0,3812.25,500
User_AB8716,51.0,4913.84,200
User_AB5980,49.0,3691.62,500
User_AB1507,60.0,1197.03,500
User_AB3321,50.0,3363.53,200
User_AB4211,61.0,3765.07,200
User_AB6533,36.0,3272.87,200
User_AB7686,46.0,2197.09,200
User_AB5702,,2875.81,500
User_AB7369,49.0,169.84,500
User_AB1067,53.0,3483.44,200
User_AB7734,43.0,2318.65,500
User_AB8776,51.0,560.55,200
User_AB2937,24.0,4578.29,200
User_AB7914,41.0,4385.23,200
User_AB4050,34.0,3013.15,404
,32.0,4925.05,500
User_AB1204,23.0,869.07,200
User_AB4812,34.0,192.03,500
User_AB2907,46.0,560.9,404
User_AB5865,18.0,1793.71,OK
User_AB5354,31.0,1252.13,404
User_AB2221,53.0,1791.75,404
User_AB9961,,3928.64,404
User_AB1161,57.0,3108.98,404
User_AB7931,23.0,3520.42,500
User_AB8295,58.0,103.85,500
User_AB1070,60.0,1356.63,404
User_AB9752,31.0,1742.78,200
User_AB5449,47.0,2662.05,Pending
User_AB3242,35.0,1021.77,500
User_AB5473,24.0,4111.54,Error
User_AB7618,47.0,4727.2,500
User_AB2536,65.0,2519.76,500
User_AB5526,44.0,105.87,404
User_AB3888,53.0,573.33,404
User_AB2125,50.0,738.7,200
User_AB5293,32.0,3618.48,200
User_AB5338,40.0,1188.25,Pending
User_AB6940,35.0,2640.48,500
User_AB2902,58.0,4555.25,404
User_AB8674,30.0,3304.03,500
,49.0,3908.18,404
,35.0,471.2,404
User_AB7385,58.0,3512.12,500
User_AB4617,40.0,4796.06,404
User_AB3887,62.0,4734.93,404
User_AB6027,60.0,2926.2,200
User_AB1195,56.0,2175.35,404
User_AB6309,,718.79,404
User_AB7212,21.0,4020.42,200
User_AB9184,30.0,1557.37,404
User_AB5092,51.0,3095.11,200
User_AB9961,55.0,1984.02,500
User_AB5186,52.0,2297.09,200
User_AB7847,46.0,4313.93,200
User_AB1015,35.0,3494.78,404
User_AB3032,,1043.18,Error
User_AB1423,46.0,2569.47,200
User_AB2109,27.0,4639.18,200
User_AB1084,46.0,4597.78,404
User_AB6617,58.0,4587.96,404
User_AB5928,37.0,4774.87,200
User_AB6848,55.0,3796.47,404
,58.0,1609.52,200
User_AB3646,47.0,105.32,404
User_AB7266,28.0,3606.02,404
User_AB7417,24.0,523.74,200
User_AB2741,42.0,977.07,200
User_AB9758,58.0,4664.23,200
User_AB4214,57.0,263.11,200
User_AB2912,22.0,4631.54,OK
User_AB2961,26.0,324.39,500
User_AB4645,65.0,3319.79,Error
User_AB9414,19.0,3548.6,200
User_AB1590,49.0,4052.24,200
User_AB8663,24.0,3214.22,OK
User_AB4783,52.0,1483.92,500
User_AB6082,51.0,4676.31,200
User_AB4360,26.0,3473.09,200
User_AB3359,32.0,681.9,500
User_AB6729,51.0,4750.9,200
User_AB7314,,270.24,500
User_AB4816,21.0,2579.68,500
User_AB7115,,2634.83,500
User_AB9944,60.0,3524.46,Error
User_AB9147,24.0,4659.18,200
User_AB7589,22.0,4263.59,404
User_AB9992,19.0,867.49,200
User_AB2562,61.0,3608.49,200
User_AB1454,38.0,4015.27,200
User_AB5645,,3428.09,500
,22.0,4561.91,200
User_AB3747,62.0,3986.4,404
User_AB5120,43.0,1775.66,200
User_AB4535,42.0,171.78,500
User_AB5021,59.0,1219.32,500
User_AB4339,33.0,509.78,404
User_AB8398,41.0,4489.04,200
User_AB4677,20.0,4979.06,Pending
User_AB6166,31.0,2150.63,200
User_AB7510,48.0,610.79,404
User_AB3394,51.0,2843.1,200
User_AB6834,33.0,1116.21,Pending
User_AB4208,46.0,1628.12,200
User_AB8758,55.0,338.77,500
User_AB4364,58.0,684.64,404
,22.0,2927.28,200
User_AB4456,52.0,2665.11,200
User_AB2071,29.0,2017.52,200
User_AB5504,62.0,3124.45,500
User_AB2203,60.0,1760.21,200
User_AB2417,60.0,4536.09,404
User_AB6218,,1342.45,200
User_AB6022,38.0,3523.66,404
User_AB2164,34.0,4141.87,200
User_AB4697,50.0,2681.09,500
User_AB6564,18.0,3553.66,OK
User_AB2172,35.0,4464.89,500
,32.0,1818.9,200
User_AB4070,56.0,3077.72,404
User_AB3923,,3904.1,404
User_AB2914,33.0,1614.83,404
User_AB5551,,1485.86,OK
User_AB3331,57.0,1295.33,200
User_AB1486,24.0,2282.92,200
User_AB4917,,3430.34,500
User_AB9515,21.0,739.76,500
User_AB1982,51.0,1426.72,200
User_AB4843,58.0,3426.76,200
User_AB8588,33.0,4188.37,500
User_AB1042,,402.72,404
User_AB3107,42.0,4659.79,404
User_AB7480,,3796.68,200
User_AB7566,32.0,4332.73,Error
User_AB4521,58.0,4413.83,404
User_AB1270,49.0,878.53,200
User_AB7477,56.0,3643.99,200
User_AB2704,29.0,3922.94,500
User_AB2317,56.0,2463.96,500
User_AB7390,29.0,4384.51,500
User_AB4785,,3965.48,200
User_AB9407,39.0,1035.39,500
User_AB9383,41.0,3812.28,200
User_AB4666,45.0,3530.69,404
User_AB1027,28.0,360.97,200
User_AB6027,47.0,1292.39,500
User_AB1336,38.0,4712.47,200
User_AB1155,18.0,1945.37,404
User_AB1626,29.0,205.08,404
User_AB7131,48.0,3953.48,404
User_AB8597,24.0,3988.04,200
User_AB7940,36.0,1225.45,500
User_AB5467,48.0,1942.55,200
User_AB2472,64.0,1871.34,500
User_AB3454,21.0,4471.04,500
User_AB3644,49.0,4488.9,404
User_AB9366,23.0,2836.59,500
User_AB4565,36.0,4255.0,500
User_AB5096,61.0,2260.54,500
User_AB4084,58.0,2234.36,404
User_AB4757,58.0,4699.75,500
User_AB4081,,739.03,500
User_AB8406,,4855.69,200
User_AB5070,27.0,1962.11,200
User_AB1508,22.0,3200.46,404
User_AB9169,47.0,3461.54,404
,45.0,109.76,500
User_AB4458,25.0,1636.1,404
User_AB2798,61.0,2142.4,404
User_AB3547,38.0,2645.25,200
User_AB8323,33.0,108.44,500
User_AB9369,41.0,4480.66,500
User_AB9588,27.0,605.24,200
User_AB6452,,4416.98,200
User_AB7613,27.0,4449.08,200
User_AB7508,,1173.43,500
User_AB6123,43.0,811.96,404
User_AB8143,,1398.83,200
User_AB7766,54.0,2568.53,500
User_AB4235,29.0,3286.58,500
User_AB4611,28.0,2836.18,200
User_AB2536,65.0,2519.76,500
,62.0,3371.03,200
User_AB3772,,1693.79,500
User_AB2003,53.0,3910.12,500
User_AB3112,,1040.87,404
User_AB7786,32.0,4402.84,Pending
User_AB5354,20.0,582.94,200
User_AB7989,63.0,3345.96,200
User_AB6962,51.0,4376.41,500
User_AB4195,57.0,2445.77,404
User_AB5205,57.0,3098.34,200
User_AB1682,56.0,4080.3,500
,24.0,567.59,404
User_AB3844,40.0,110.15,200
User_AB1574,65.0,978.35,500
User_AB9274,51.0,2496.05,500
User_AB3098,55.0,1973.24,404
User_AB7243,56.0,1756.94,404
User_AB3814,63.0,670.14,Error
User_AB1266,43.0,2697.71,200
User_AB5553,18.0,1145.08,404
User_AB2772,25.0,1099.15,404
User_AB5958,63.0,1044.52,500
User_AB9791,48.0,2286.15,404
User_AB9425,46.0,4792.96,404
User_AB1818,23.0,4484.47,200
User_AB8104,33.0,4141.46,404
User_AB9158,54.0,4224.61,200
User_AB1501,21.0,388.08,500
User_AB8000,52.0,731.42,404
User_AB1959,26.0,1703.23,404
User_AB7030,32.0,424.69,200
User_AB8214,46.0,4656.36,200
User_AB2521,33.0,4336.94,500
User_AB8758,38.0,1933.28,404
User_AB2084,,3718.29,200
User_AB4094,55.0,2491.63,200
User_AB1053,34.0,4716.56,500
User_AB5117,41.0,2915.32,500
User_AB7304,,351.24,404
User_AB7020,,2426.15,404
User_AB9877,60.0,3712.26,404
User_AB2328,,1876.58,404
User_AB5831,53.0,3931.62,500
User_AB5421,20.0,3109.68,200
User_AB5338,54.0,1634.38,404
User_AB5962,58.0,3231.58,200
User_AB6138,33.0,876.36,404
User_AB7274,65.0,2519.13,500
User_AB4313,39.0,3289.17,200
,22.0,4338.42,200
User_AB3251,24.0,801.0,500
User_AB9700,30.0,1505.23,404
User_AB6789,64.0,899.78,404
,36.0,1329.56,500
User_AB7230,27.0,955.64,500
User_AB7746,28.0,1319.85,Error
User_AB2030,26.0,2143.34,500
User_AB7169,24.0,1763.59,Error
User_AB9677,41.0,3436.05,200
User_AB3170,44.0,2972.26,200
User_AB1272,,3889.49,200
User_AB9278,,4666.79,500
User_AB7222,19.0,133.35,200
User_AB1293,45.0,3816.28,200
User_AB6336,32.0,3975.06,500
User_AB8772,,4453.88,500
User_AB9310,23.0,825.32,500
User_AB9041,,3903.46,404
User_AB4910,40.0,4720.53,404
User_AB9352,,2520.53,404
User_AB8889,64.0,857.74,200
User_AB8811,,4146.43,200
User_AB8589,36.0,4442.68,200
User_AB3109,63.0,2996.07,404
User_AB1296,,4019.62,404
User_AB4593,,4843.85,OK
User_AB9320,43.0,4115.27,404
User_AB7583,36.0,2432.11,500
User_AB6031,26.0,4804.86,404
User_AB7474,65.0,1309.34,Pending
,39.0,537.09,Pending
User_AB9502,65.0,794.46,404
User_AB9121,52.0,4365.57,404
User_AB4816,34.0,1016.89,200
User_AB6474,62.0,837.59,500
,,1253.45,404
User_AB4215,55.0,526.28,404
,37.0,1622.39,200
User_AB3238,21.0,1625.7,Error
User_AB5960,63.0,1425.73,500
User_AB6226,27.0,3586.63,404
User_AB6007,63.0,4321.32,200
User_AB4502,55.0,2200.06,200
User_AB6557,31.0,3088.18,500
User_AB5884,52.0,2516.0,200
User_AB6208,20.0,803.21,500
User_AB2228,,4068.05,500
User_AB5434,19.0,1586.48,Error
User_AB4057,34.0,1770.11,500
User_AB7454,,2068.46,200
User_AB3105,62.0,4667.84,404
User_AB5073,27.0,2669.5,500
User_AB5299,59.0,4337.91,200
User_AB5127,,3736.78,500
User_AB6025,,2186.32,500
User_AB8401,21.0,361.38,500
User_AB1421,64.0,592.68,404
User_AB9440,20.0,3108.04,200
User_AB1424,,4433.99,404
User_AB4882,35.0,2649.31,200
User_AB5214,60.0,4586.69,404
User_AB6337,60.0,1597.76,404
User_AB6357,20.0,1622.39,200
User_AB3975,46.0,536.82,500
User_AB5527,31.0,4619.58,500
User_AB2473,,2120.29,OK
User_AB3821,23.0,908.18,200
User_AB6117,63.0,3878.8,200
User_AB1827,,1290.89,500
User_AB3895,45.0,522.35,404
User_AB2743,26.0,3868.92,200
User_AB9389,,1140.2,Pending
User_AB1354,53.0,4886.17,500
User_AB4761,34.0,4516.32,404
User_AB1866,57.0,4088.4,200
,42.0,1815.96,200
User_AB7072,28.0,746.73,404
User_AB3549,44.0,923.22,200
User_AB6318,47.0,2114.0,200
User_AB1477,49.0,4736.8,200
User_AB7185,33.0,353.06,500
User_AB6278,22.0,3414.24,500
User_AB9265,54.0,1285.08,200
User_AB6006,35.0,638.93,Error
User_AB4947,39.0,3884.09,200
User_AB8787,19.0,2985.86,200
User_AB5147,46.0,1161.57,404
User_AB6512,45.0,1740.33,500
User_AB8283,37.0,212.01,500
,59.0,4946.75,200
User_AB4769,54.0,1939.69,404
User_AB2180,65.0,739.7,500
User_AB9410,40.0,434.51,Pending
User_AB6372,59.0,4604.56,200
User_AB9473,33.0,663.89,404
User_AB8803,58.0,2544.99,200
User_AB9043,52.0,1859.79,Pending
User_AB9832,27.0,4664.91,500
User_AB7188,34.0,2327.81,404
User_AB7104,,3125.19,500
User_AB3346,22.0,1318.62,404
User_AB6750,27.0,447.9,500
User_AB6972,44.0,2773.27,404
User_AB1372,27.0,2581.52,500
User_AB2808,40.0,1421.1,200
User_AB4341,65.0,1289.54,500
User_AB1673,58.0,4960.27,200
User_AB4634,51.0,177.78,500
User_AB6343,46.0,1828.75,404
User_AB2017,22.0,3128.84,404
User_AB1212,19.0,601.59,500
User_AB4027,56.0,1257.39,500
User_AB2643,52.0,3197.6,500
,23.0,2146.13,404
User_AB5072,65.0,2034.87,500
User_AB3454,58.0,687.34,500
User_AB8306,64.0,362.06,200
User_AB6397,64.0,2593.57,500
User_AB8511,20.0,2203.01,500
User_AB1140,,120.78,200
User_AB2785,,3574.39,500
User_AB3754,63.0,1484.66,200
User_AB8738,44.0,4764.94,200
User_AB5643,40.0,4990.81,500
User_AB9492,53.0,2437.61,404
User_AB5975,56.0,2758.3,Error
User_AB5219,22.0,1261.09,404
User_AB8874,26.0,4706.59,500
,58.0,721.4,500
User_AB6829,23.0,3062.65,200
User_AB5795,19.0,149.59,200
User_AB6839,45.0,4778.73,200
User_AB4332,21.0,3329.54,500
User_AB8975,24.0,4944.69,500
User_AB4926,50.0,430.11,200
User_AB6795,,4128.35,404
User_AB7709,57.0,2602.31,Pending
,46.0,2734.07,200
User_AB1381,60.0,2490.34,404
User_AB6781,30.0,2234.54,404
User_AB1415,54.0,4252.09,Pending
User_AB7558,18.0,2097.24,404
User_AB2753,20.0,4656.87,500
User_AB2179,65.0,3065.63,200
User_AB5341,40.0,3403.18,200
,54.0,4908.96,Error
User_AB8827,40.0,2092.74,200
User_AB1234,,1693.44,404
User_AB3616,59.0,4736.56,200
,49.0,668.62,200
User_AB4286,50.0,4610.45,200
,,3445.54,404
User_AB8901,31.0,2646.15,404
,61.0,2327.03,404
,34.0,3304.68,404
User_AB6677,64.0,792.47,500
,29.0,2904.56,200
User_AB2217,54.0,1419.32,500
User_AB4287,63.0,4984.47,500
User_AB8308,52.0,3790.5,200
User_AB9787,30.0,3581.24,500
User_AB7777,19.0,1592.22,200
User_AB3880,28.0,624.71,200
User_AB8421,45.0,406.27,404
User_AB5575,35.0,131.31,500
User_AB9322,23.0,2809.72,200
User_AB6843,,4256.39,200
User_AB9074,25.0,1232.07,500
User_AB5601,34.0,3178.3,500
User_AB4096,59.0,2014.08,404
User_AB9450,63.0,1074.69,404
User_AB7781,32.0,2599.06,200
User_AB2539,34.0,4073.5,200
User_AB3651,58.0,3304.1,200
User_AB2741,58.0,3937.76,200
User_AB3675,56.0,278.74,200
User_AB9544,22.0,3293.64,500
User_AB9637,44.0,351.23,500
User_AB4185,58.0,1308.6,200
User_AB5386,29.0,2816.54,200
,51.0,4360.36,500
User_AB2879,35.0,3787.55,404
User_AB2424,37.0,3196.19,404
User_AB2896,26.0,3168.66,500
User_AB3006,22.0,2076.37,404
User_AB3348,27.0,3553.06,200
User_AB6086,29.0,2096.18,200
User_AB3291,39.0,4147.73,200
User_AB4796,57.0,511.09,404
,51.0,3257.79,200
User_AB2841,62.0,2594.81,404
User_AB3715,38.0,1520.84,404
User_AB5178,25.0,3903.93,404
User_AB7983,42.0,3981.34,404
User_AB8445,18.0,1535.56,404
User_AB4377,45.0,4710.73,200
User_AB1364,40.0,100.73,200
User_AB9293,33.0,3997.34,404
User_AB6244,54.0,1594.58,500
User_AB5793,,2541.67,500
User_AB1398,,3345.3,500
User_AB5763,26.0,4680.44,200
User_AB1883,49.0,1808.9,500
User_AB3907,45.0,3747.67,404
User_AB6937,50.0,1304.55,200
User_AB5315,,2980.41,200
User_AB3353,29.0,3130.84,404
User_AB4153,49.0,3861.07,200
User_AB8969,63.0,3250.2,200
User_AB6994,47.0,4881.57,404
User_AB2254,,4563.4,500
User_AB9670,34.0,3787.07,404
User_AB3172,32.0,3156.27,404
User_AB7180,19.0,3254.25,200
User_AB7201,20.0,1886.56,500
,43.0,1837.24,Error
User_AB4978,18.0,2274.96,404
User_AB3806,50.0,3562.48,500
User_AB6464,22.0,4786.73,404
User_AB2652,24.0,3387.55,200
User_AB2916,49.0,473.97,404
User_AB8367,29.0,2907.39,Error
User_AB8440,40.0,3328.83,500
User_AB8971,42.0,2989.35,200
User_AB4716,49.0,2704.75,200
User_AB2175,40.0,2045.96,404
,48.0,1742.77,500
User_AB3937,52.0,3178.2,404
User_AB2433,22.0,2736.78,200
User_AB4931,48.0,2355.57,500
User_AB4122,25.0,1074.09,200
User_AB2012,23.0,2118.24,200
User_AB2102,39.0,1521.01,500
,53.0,4144.64,404
User_AB9115,,3458.74,500
User_AB2301,55.0,782.94,500
User_AB7051,64.0,2810.07,500
User_AB4195,32.0,249.87,500
User_AB5823,54.0,3162.99,404
User_AB8754,25.0,3839.97,500
User_AB8424,,1748.17,200
,40.0,1436.18,Pending
User_AB3619,31.0,3306.8,200
User_AB7421,60.0,2459.75,200
User_AB3980,49.0,1139.18,500
User_AB2495,18.0,4524.98,500
User_AB4967,27.0,390.08,500
User_AB8448,34.0,312.47,200
,56.0,479.89,500
User_AB1820,62.0,2816.13,500
User_AB8451,47.0,3362.21,200
User_AB8143,32.0,1325.33,404
User_AB7628,35.0,1142.89,200
User_AB1846,,2795.24,200
,57.0,1883.04,500
User_AB1300,38.0,4977.58,404
User_AB6678,51.0,324.72,404
User_AB5174,62.0,3783.5,404
User_AB5508,,263.98,500
User_AB9636,22.0,2645.46,500
,54.0,4857.78,500
User_AB3636,52.0,2115.86,500
User_AB3974,42.0,580.44,500
User_AB7789,30.0,3671.63,200
User_AB6908,37.0,3497.61,200
User_AB4860,42.0,4990.74,500
User_AB6872,40.0,2790.47,500
,36.0,1554.91,404
User_AB2397,47.0,4263.63,200
User_AB8204,33.0,866.27,200
User_AB3454,58.0,687.34,500
User_AB9256,53.0,1501.84,200
User_AB1440,35.0,2955.6,404
User_AB4103,61.0,450.23,Pending
User_AB9229,24.0,2650.33,200
User_AB6610,42.0,4327.16,500
User_AB3632,32.0,2246.04,200
User_AB7137,38.0,4681.96,500
User_AB5071,36.0,125.3,200
User_AB4274,49.0,2552.91,404
User_AB7008,52.0,2312.32,500
,52.0,4411.71,500
User_AB4558,,4069.04,500
User_AB6600,30.0,1479.21,500
User_AB8912,18.0,4119.67,200
User_AB6102,25.0,4468.89,404
User_AB8296,57.0,612.99,500
User_AB5021,65.0,2179.3,500
User_AB6338,20.0,4820.7,500
User_AB9605,53.0,2292.16,500
User_AB7654,52.0,3692.49,500
User_AB7143,61.0,4393.09,500
User_AB6346,44.0,4753.9,200
User_AB7760,56.0,1410.0,500
User_AB2348,46.0,3232.55,500
User_AB2518,25.0,1788.65,404
User_AB4247,60.0,4118.34,404
User_AB8508,47.0,4518.05,500
User_AB8308,52.0,3790.5,200
User_AB6010,40.0,923.96,200
,57.0,4949.94,404
User_AB8289,21.0,3865.95,200
User_AB5292,37.0,3289.68,200
User_AB4500,56.0,2754.98,404
User_AB5089,35.0,4609.93,500
User_AB6357,24.0,778.03,404
User_AB3702,,2062.68,200
User_AB7142,36.0,3037.31,404
User_AB7606,56.0,2228.87,200
User_AB7931,32.0,2307.16,500
User_AB9784,51.0,2067.54,Pending
User_AB9700,42.0,975.64,404
User_AB7321,,4247.49,200
User_AB5452,41.0,1679.34,404
User_AB3620,38.0,4110.29,404
User_AB1002,56.0,3653.2,500
User_AB8258,32.0,4649.61,404
User_AB4118,24.0,586.81,500
User_AB2658,,151.57,404
User_AB9682,30.0,2070.33,200
User_AB3854,56.0,2447.09,200
User_AB7781,32.0,2599.06,200
User_AB3264,35.0,575.75,500
User_AB3198,42.0,2991.71,200
User_AB7877,27.0,472.01,500
User_AB1671,36.0,4575.77,500
User_AB8976,21.0,3318.83,200
User_AB8167,60.0,1350.74,500
User_AB5169,59.0,3176.9,Error
User_AB6229,22.0,2885.2,500
User_AB9869,23.0,4225.64,404
User_AB6167,27.0,4675.15,404
User_AB1214,54.0,2142.08,500
User_AB7812,23.0,4232.27,200
User_AB5578,27.0,1882.29,404
User_AB5678,60.0,519.27,200
User_AB7244,62.0,4245.92,200
User_AB8317,29.0,2824.23,200
User_AB6023,54.0,2605.2,500
User_AB2971,,245.76,200
User_AB8443,64.0,2675.93,500
User_AB1500,33.0,2576.23,404
User_AB3610,23.0,812.57,404
User_AB5562,,3387.68,404
User_AB2319,56.0,3878.8,500
User_AB4826,25.0,1691.57,200
User_AB4454,58.0,4543.76,200
User_AB3677,56.0,1270.33,404
User_AB4788,23.0,2222.27,500
,33.0,1748.33,200
User_AB3858,31.0,4300.19,200
User_AB4141,31.0,2059.03,200
User_AB1751,60.0,2260.58,404
User_AB5025,62.0,1212.08,500
,57.0,4567.61,200
User_AB1623,,2289.52,404
User_AB7338,38.0,413.09,500
User_AB4276,37.0,4009.57,500
User_AB5547,27.0,2715.89,404
User_AB8524,57.0,4352.59,404
User_AB9129,41.0,3463.18,OK
User_AB1470,29.0,2984.03,200
User_AB6311,62.0,4839.87,500
User_AB4536,56.0,200.54,200
User_AB3266,43.0,1488.03,200
User_AB7699,27.0,3878.12,404
User_AB4081,34.0,1682.59,200
User_AB5960,31.0,2657.93,200
User_AB2721,30.0,1734.66,500
User_AB8262,51.0,3794.26,404
User_AB4715,28.0,3621.29,200
User_AB5710,33.0,627.24,Error
User_AB9639,30.0,4366.43,404
User_AB1081,60.0,4607.72,404
User_AB6990,57.0,4242.36,500
,34.0,3265.78,404
User_AB5650,42.0,4207.04,500
User_AB1821,,1044.94,500
User_AB4279,51.0,1178.73,200
User_AB8898,26.0,2825.27,200
,49.0,659.17,200
User_AB4110,64.0,2071.94,500
User_AB7318,43.0,4226.03,OK
User_AB9653,29.0,2332.67,OK
,64.0,4821.04,500
User_AB5324,56.0,2595.5,200
User_AB3391,42.0,3088.82,500
User_AB3366,27.0,3098.8,500
User_AB5581,19.0,2608.33,200
User_AB4679,,506.47,200
User_AB3780,40.0,1942.94,500
User_AB4506,24.0,3329.12,200
User_AB4051,46.0,811.17,200
User_AB5857,18.0,1750.61,200
User_AB2595,33.0,4270.67,200
User_AB2193,56.0,4119.2,500
User_AB4032,37.0,1695.76,404
User_AB8193,44.0,4481.58,200
User_AB8976,26.0,4111.01,404
User_AB3493,47.0,4246.59,Error
User_AB6930,33.0,3066.92,200
User_AB5703,45.0,4068.09,500
User_AB7558,18.0,2097.24,404
User_AB1084,,680.17,404
User_AB6233,,2581.8,200
User_AB6455,30.0,3741.03,404
User_AB8267,56.0,759.65,500
User_AB8965,63.0,2511.78,500
User_AB8129,46.0,414.79,500
User_AB4879,44.0,3031.89,200
User_AB2383,44.0,437.21,200
User_AB2339,54.0,1793.24,200
User_AB6724,25.0,1902.88,200
User_AB3851,35.0,3299.13,200
User_AB7497,63.0,2016.14,404
User_AB8560,,3336.11,200
User_AB3970,61.0,3799.6,500
User_AB7364,,2215.81,404
User_AB8594,53.0,3139.96,404
User_AB9791,37.0,1916.36,200
User_AB6794,22.0,4786.85,500
User_AB5020,45.0,844.6,404
User_AB7100,22.0,2993.01,200
User_AB3672,22.0,333.93,200
User_AB6265,41.0,4771.34,500
User_AB1059,49.0,3304.33,404
User_AB9018,64.0,836.96,200
User_AB2959,19.0,1557.66,404
User_AB1748,34.0,1606.63,500
User_AB2497,,1538.04,200
User_AB8730,49.0,3611.32,500
User_AB4360,26.0,3473.09,200
User_AB6363,51.0,1288.93,404
User_AB8931,33.0,3016.78,200
User_AB8153,35.0,4922.59,404
User_AB7470,31.0,4233.57,404
User_AB1242,18.0,3388.0,404
User_AB6631,48.0,1850.15,200
User_AB3639,42.0,4454.0,404
User_AB4156,61.0,4663.96,200
,62.0,797.33,404
User_AB1520,38.0,3989.32,500
User_AB6539,,3759.53,404
User_AB3563,52.0,4055.05,500
User_AB2622,63.0,2772.45,404
User_AB9459,47.0,627.27,500
User_AB9798,59.0,1308.01,500
User_AB8758,34.0,1992.37,500
User_AB7629,59.0,1552.38,404
User_AB6692,41.0,1794.97,200
,58.0,713.54,500
User_AB4292,,326.45,200
User_AB2040,36.0,3354.07,OK
User_AB9021,40.0,2198.71,200
User_AB6761,52.0,2997.61,404
User_AB1011,41.0,4299.71,500
User_AB3352,49.0,2965.12,200
User_AB5695,42.0,2369.35,500
User_AB2886,20.0,1563.06,404
User_AB4354,60.0,4390.81,200
User_AB3664,56.0,4994.43,200
User_AB4801,37.0,4566.25,404
User_AB8651,,1014.06,Error
User_AB8894,34.0,1874.31,404
User_AB6886,39.0,3478.0,200
,34.0,4068.15,200
User_AB7559,39.0,1866.47,200
User_AB7337,39.0,4642.91,404
User_AB7896,50.0,2111.15,200
User_AB8464,29.0,3120.85,200
User_AB6179,43.0,953.13,200
User_AB7890,48.0,517.36,500
User_AB4750,48.0,239.68,404
User_AB3027,26.0,267.29,404
User_AB2949,28.0,490.08,200
User_AB2809,31.0,2909.69,200
User_AB1648,23.0,295.41,200
User_AB1492,65.0,3170.8,200
User_AB6077,33.0,2748.98,500
User_AB1083,25.0,3350.18,404
User_AB8241,61.0,1752.88,200
User_AB1679,21.0,1303.0,200
User_AB8905,,1306.79,500
User_AB8340,63.0,307.32,404
User_AB7153,53.0,4529.5,200
User_AB8257,,3597.1,500
User_AB2826,51.0,951.94,500
User_AB3303,58.0,1190.93,200
User_AB4123,,2381.45,500
User_AB3991,,4410.27,200
User_AB7154,30.0,2520.62,500
User_AB6575,38.0,4121.36,404
User_AB8588,33.0,4188.37,500
User_AB5041,49.0,280.78,200
User_AB3159,57.0,814.18,500
User_AB2959,53.0,3516.4,200
User_AB9184,30.0,1557.37,404
User_AB7921,65.0,2858.36,404
User_AB2922,21.0,286.85,500
User_AB2222,46.0,3726.34,200
,42.0,2026.42,500
User_AB6832,33.0,1620.51,404
User_AB1484,23.0,4530.36,404
User_AB2663,20.0,1306.38,500
User_AB5472,37.0,3477.04,404
User_AB6207,43.0,2133.71,200
User_AB5290,,3930.46,200
User_AB8809,44.0,3280.73,500
User_AB7716,28.0,3672.14,200
User_AB7592,54.0,2456.84,500
User_AB4438,19.0,4363.56,500
User_AB4452,24.0,144.76,500
User_AB4502,27.0,3730.91,200
User_AB7139,39.0,3694.35,404
User_AB2575,42.0,1227.27,500
User_AB3779,50.0,2088.41,200
User_AB7694,44.0,109.56,500
User_AB2806,25.0,3381.51,200
User_AB5005,38.0,201.03,500
User_AB6955,28.0,3161.08,404
User_AB4119,30.0,1147.2,404
User_AB1507,48.0,796.66,200
User_AB1067,38.0,2467.02,500
User_AB7099,41.0,2637.15,404
User_AB2252,62.0,1990.34,404
User_AB9244,62.0,4751.94,500
User_AB7780,26.0,431.22,200
User_AB4542,54.0,1935.46,500
User_AB4926,58.0,2989.54,200
User_AB6497,32.0,4240.25,200
User_AB2887,,3590.46,200
User_AB8592,48.0,2743.26,404
User_AB5392,43.0,1724.56,200
User_AB8222,53.0,3904.78,200
User_AB9694,41.0,427.22,500
User_AB5919,63.0,191.91,500
User_AB7188,,1151.02,200
User_AB2688,32.0,2788.53,200
User_AB7473,25.0,3017.54,404
User_AB7316,,4942.46,200
User_AB4680,30.0,3996.7,500
User_AB4923,34.0,1467.26,500
User_AB1781,26.0,3310.68,200
User_AB4286,35.0,4972.1,404
User_AB9571,33.0,4791.4,500
User_AB9364,51.0,4680.08,404
User_AB2215,34.0,4421.63,404
User_AB6343,20.0,3933.12,200
User_AB7474,65.0,1309.34,Pending
,53.0,607.74,404
User_AB3057,36.0,4945.67,500
User_AB8867,56.0,3509.94,200
User_AB1795,55.0,4581.86,500
User_AB2064,54.0,2977.52,500
User_AB3695,28.0,843.73,404
User_AB8227,25.0,2127.46,500
User_AB6018,57.0,4366.86,404
User_AB1520,38.0,3989.32,500
User_AB8315,25.0,954.9,500
User_AB4373,30.0,2769.35,404
User_AB8916,44.0,4960.72,404
User_AB5347,57.0,4722.5,500
User_AB9795,46.0,2180.67,500
User_AB1769,35.0,4188.47,200
User_AB8062,19.0,1887.33,500
User_AB5924,65.0,2356.35,500
User_AB6433,26.0,1028.87,500
User_AB2257,36.0,393.4,500
User_AB7441,26.0,4619.93,500
User_AB4331,47.0,2804.74,Error
User_AB7727,25.0,2859.11,200
User_AB2005,36.0,1466.51,404
User_AB6007,46.0,2317.14,500
User_AB4887,29.0,1916.98,200
User_AB8803,55.0,975.73,500
User_AB2033,54.0,4587.74,OK
User_AB9803,52.0,438.59,200
User_AB9370,65.0,3865.35,404
User_AB2189,63.0,2851.52,500
,49.0,1659.03,500
User_AB6279,,916.94,500
User_AB5606,44.0,2528.62,200
User_AB9080,23.0,4214.23,404
User_AB9832,47.0,243.51,200
User_AB9370,31.0,2292.57,500
User_AB5041,58.0,4021.28,200
,51.0,4019.28,200
User_AB3794,40.0,860.78,OK
User_AB2672,46.0,601.03,200
User_AB2903,18.0,1260.88,404
User_AB6018,,2556.74,200
User_AB2568,22.0,1903.7,404
User_AB7943,60.0,4702.85,200
User_AB9653,24.0,1591.05,200
User_AB3952,54.0,3677.79,200
User_AB5332,,3547.32,404
User_AB5658,56.0,711.75,200
User_AB1279,23.0,539.08,200
,23.0,3671.3,404
User_AB4958,32.0,4730.41,500
User_AB3010,24.0,4011.29,404
User_AB8357,31.0,1502.24,404
User_AB6481,36.0,4777.71,200
User_AB5005,,269.49,404
User_AB7940,59.0,3501.06,500
User_AB1905,58.0,786.21,500
User_AB5208,33.0,4756.4,500
,40.0,718.53,404
User_AB7575,,425.49,500
User_AB3009,54.0,4090.46,200
User_AB6011,41.0,3021.89,Error
User_AB3448,63.0,3952.99,200
User_AB3385,56.0,3504.18,404
User_AB8613,43.0,536.67,200
User_AB5587,,1961.09,404
User_AB9173,55.0,2216.41,404
User_AB5959,21.0,879.24,500
User_AB4735,19.0,549.07,500
User_AB8506,50.0,2269.62,200
User_AB2118,50.0,1874.34,200
User_AB2035,43.0,3443.93,200
User_AB5920,61.0,2508.97,200
User_AB8586,,4700.25,500
User_AB2558,37.0,612.77,200
User_AB4582,44.0,725.47,200
User_AB4210,25.0,354.07,404
User_AB3281,52.0,838.79,500
User_AB9152,45.0,1231.01,404
,32.0,4336.43,404
User_AB6796,,2534.51,500
User_AB1287,39.0,4410.24,200
User_AB7838,27.0,523.18,404
,46.0,1572.14,500
User_AB6023,28.0,207.99,500
User_AB4203,18.0,2298.17,404
User_AB3995,,857.6,500
User_AB8039,31.0,1934.68,404
User_AB4001,46.0,449.16,200
User_AB2842,52.0,1416.18,Pending
User_AB4022,38.0,1006.83,404
,57.0,1774.94,500
User_AB2562,33.0,857.63,500
User_AB9984,57.0,1663.33,500
User_AB3999,39.0,4690.42,500
,61.0,3088.94,500
User_AB8811,46.0,3723.95,200
User_AB6988,42.0,4861.82,200
User_AB7351,47.0,4687.63,500
User_AB8673,44.0,1253.25,404
User_AB2898,32.0,1696.36,404
User_AB6983,29.0,518.43,500
User_AB6144,43.0,3875.3,200
User_AB9801,,3755.99,500
User_AB5626,64.0,2056.73,200
User_AB2287,55.0,4553.1,500
User_AB8400,59.0,2975.28,200
User_AB2396,45.0,4638.87,200
User_AB8856,35.0,3664.93,404
User_AB6577,39.0,2846.15,200
User_AB1796,,1325.63,404
User_AB6577,46.0,1052.76,200
User_AB4022,64.0,4226.63,500
User_AB1416,25.0,1247.49,404
User_AB3102,50.0,1898.44,Pending
User_AB9834,60.0,679.35,500
User_AB7824,29.0,3364.46,404
User_AB9797,37.0,4289.65,200
User_AB7258,54.0,4726.11,404
User_AB6895,33.0,2887.81,200
User_AB7445,,4137.45,200
User_AB9623,47.0,633.37,200
User_AB2715,25.0,385.67,500
User_AB9035,44.0,4173.15,500
User_AB2577,41.0,4454.46,200
User_AB7699,61.0,550.11,404
User_AB9778,38.0,568.77,500
User_AB6475,23.0,2467.49,200
User_AB1389,37.0,4200.29,200
User_AB9503,20.0,3688.12,404
User_AB3749,54.0,655.92,404
User_AB3983,40.0,4675.01,500
User_AB8817,49.0,4281.99,404
User_AB3389,,3332.15,200
User_AB6784,62.0,1713.75,500
User_AB6870,38.0,2274.35,404
User_AB4313,39.0,3289.17,200
User_AB5162,36.0,3491.26,200
User_AB4712,53.0,1515.63,500
User_AB1702,65.0,1093.81,Error
,52.0,513.73,404
User_AB2826,51.0,951.94,500
,35.0,4653.34,500
User_AB9092,,3413.91,200
User_AB9499,40.0,1973.46,404
User_AB5381,26.0,3956.68,404
User_AB6843,29.0,3063.92,500
User_AB8673,65.0,1658.79,500
User_AB8074,,3674.44,200
User_AB3059,,2501.35,200
User_AB6707,41.0,3510.94,200
User_AB2446,19.0,4908.12,200
User_AB4174,65.0,4054.74,200
User_AB6286,41.0,2370.26,200
User_AB3945,,613.89,500
User_AB7912,33.0,1367.12,500
User_AB5303,49.0,2647.8,200
User_AB1991,29.0,2705.42,404
User_AB3724,42.0,3832.56,500
User_AB2009,26.0,3760.01,404
User_AB7999,22.0,4712.31,404
User_AB5570,24.0,2052.42,404
User_AB2697,43.0,1977.79,500
User_AB6942,43.0,3469.13,404
User_AB4083,28.0,2965.91,500
User_AB8230,19.0,3826.45,200
User_AB9862,64.0,2013.55,404
User_AB4750,48.0,4677.83,200
User_AB8691,,2995.96,200
User_AB8609,41.0,2577.8,500
User_AB4064,26.0,169.23,Pending
User_AB6401,57.0,1836.51,200
User_AB4454,58.0,4543.76,200
User_AB5678,62.0,2088.99,404
User_AB5499,,3873.74,404
User_AB7561,37.0,2528.52,500
User_AB7046,,3751.58,500
User_AB2325,25.0,810.0,404
User_AB7095,42.0,4201.26,500
User_AB1166,,3843.47,200
User_AB9418,22.0,4645.52,500
User_AB3610,43.0,1547.23,200
User_AB8183,40.0,1808.35,500
,55.0,852.12,500
User_AB5623,55.0,990.65,404
User_AB3611,23.0,3210.67,200
User_AB3760,29.0,4014.18,404
User_AB2180,44.0,3644.12,404
User_AB4364,21.0,174.88,404
User_AB4202,32.0,263.72,200
User_AB2579,22.0,883.84,200
User_AB5742,22.0,1810.52,500
User_AB3944,60.0,3934.07,404
User_AB2942,51.0,4482.23,500
User_AB8493,,4823.79,200
User_AB8514,28.0,3307.13,404
User_AB2340,42.0,1799.48,200
User_AB4172,46.0,1464.29,Error
User_AB3416,35.0,3006.64,200
User_AB8770,37.0,4471.71,404
User_AB5302,24.0,2270.45,500
User_AB1066,57.0,3077.96,404
User_AB7859,32.0,3304.52,404
User_AB2183,29.0,4514.19,200
User_AB6417,26.0,2507.05,404
User_AB5596,42.0,342.11,404
User_AB5209,32.0,3318.82,200
User_AB9903,28.0,2905.47,200
User_AB7843,23.0,1780.94,500
User_AB7360,56.0,1332.62,404
User_AB5360,48.0,1280.87,404
User_AB8349,65.0,4877.66,404
User_AB8028,54.0,2080.82,500
User_AB5019,49.0,1747.5,404
User_AB5168,30.0,267.7,500
User_AB4935,30.0,4921.37,200
User_AB4902,22.0,2414.76,200
User_AB5615,51.0,742.6,404
User_AB4132,18.0,842.29,404
User_AB9026,21.0,1945.0,200
User_AB3191,34.0,616.73,500
User_AB8552,34.0,915.67,Error
User_AB9173,60.0,1364.04,404
User_AB8550,,497.12,404
User_AB3587,39.0,356.76,500
User_AB6430,57.0,3665.32,OK
User_AB2136,46.0,4281.12,500
User_AB3405,22.0,1009.34,500
User_AB1789,55.0,337.91,404
User_AB5038,18.0,1810.18,200
User_AB7812,30.0,1145.31,404
User_AB1762,56.0,1392.85,500
User_AB8725,51.0,3430.8,500
,53.0,4144.64,404
User_AB2942,51.0,4482.23,500
User_AB5185,22.0,805.1,200
User_AB8223,52.0,1400.41,500
User_AB8789,47.0,2845.19,500
User_AB7186,53.0,1657.56,500
User_AB6052,29.0,325.74,OK
User_AB5161,60.0,4139.26,500
User_AB3501,31.0,4110.3,200
User_AB5523,60.0,2741.19,404
User_AB9422,,346.44,200
User_AB3195,56.0,4525.56,404
User_AB6242,22.0,1010.29,404
User_AB6013,59.0,3909.44,404
User_AB2289,40.0,3157.25,404
User_AB5170,51.0,2988.24,200
User_AB6454,,1966.94,200
User_AB3919,,2566.09,200
User_AB6577,59.0,1261.82,500
User_AB6539,,3759.53,404
User_AB4586,26.0,662.57,200
User_AB4623,46.0,1706.24,200
User_AB4214,57.0,263.11,200
User_AB8110,,4742.32,500
User_AB4705,36.0,4070.8,404
,36.0,3781.43,500
User_AB2350,28.0,3479.23,200
User_AB3744,47.0,2243.48,Error
User_AB3098,27.0,4573.15,404
User_AB8781,63.0,2246.73,200
User_AB4805,38.0,3543.56,200
User_AB2156,26.0,349.57,200
User_AB8711,29.0,2405.8,404
User_AB6457,43.0,3658.74,200
User_AB7261,42.0,1919.86,200
User_AB7728,52.0,4833.1,404
User_AB2841,40.0,4739.21,500
User_AB6878,64.0,353.17,200
User_AB9132,40.0,4805.2,200
User_AB5545,63.0,4958.48,500
User_AB9692,51.0,3475.28,500
User_AB1269,62.0,350.78,500
User_AB6765,59.0,3830.48,200
User_AB1749,40.0,2841.07,404
User_AB9794,31.0,2129.4,500
User_AB9085,20.0,1514.61,404
User_AB7583,,565.77,200
User_AB5301,42.0,3239.34,404
User_AB6786,36.0,1376.96,200
User_AB7685,65.0,4998.19,500
User_AB9164,,753.83,200
,35.0,3548.58,404
User_AB2791,,4827.23,200
User_AB9700,42.0,975.64,404
User_AB2473,39.0,808.15,500
User_AB1993,28.0,4917.48,200
User_AB1397,35.0,1715.42,500
User_AB7207,18.0,4557.97,200
User_AB8163,45.0,3713.57,200
User_AB7109,30.0,4930.25,404
User_AB2592,21.0,1885.71,200
User_AB5224,44.0,4879.68,200
User_AB2101,48.0,4048.82,200
User_AB8630,,2803.94,404
User_AB9643,63.0,413.21,404
User_AB5598,28.0,2966.12,200
User_AB1594,55.0,123.22,404
User_AB5432,24.0,520.37,500
User_AB2422,,636.4,200
,32.0,3554.79,404
User_AB9232,28.0,585.02,500
User_AB2152,40.0,4787.23,200
User_AB4437,36.0,2677.88,OK
,28.0,4229.7,500
User_AB2141,36.0,2500.48,404
User_AB9670,34.0,3787.07,404
User_AB7465,33.0,1676.92,500
User_AB3202,24.0,1607.42,200
User_AB1983,,1976.45,404
User_AB3099,38.0,2051.4,404
User_AB8409,63.0,1521.98,404
User_AB5140,,2128.5,200
User_AB6429,27.0,1312.07,404
User_AB2778,63.0,3646.59,500
User_AB2477,39.0,1042.17,500
User_AB5417,33.0,3883.67,200
User_AB5099,62.0,1894.44,404
User_AB4275,37.0,1391.67,404
User_AB4542,,655.2,200
User_AB1262,20.0,2570.13,200
User_AB4643,54.0,4435.9,500
User_AB1191,48.0,3654.04,200
User_AB6290,28.0,2122.47,200
User_AB1598,42.0,1567.9,404
User_AB6570,64.0,293.07,200
User_AB6045,54.0,4441.62,404
User_AB9439,62.0,3141.81,200
User_AB1293,,1347.52,500
User_AB9009,24.0,1478.55,500
User_AB5750,,4578.44,200
User_AB5472,30.0,3846.73,500
User_AB5127,,3736.78,500
User_AB2547,32.0,3926.92,500
User_AB8840,57.0,3912.03,404
User_AB2638,49.0,1107.81,500
User_AB4761,34.0,4516.32,404
User_AB7902,20.0,1371.91,500
User_AB4605,51.0,141.46,200
User_AB6547,54.0,1133.27,500
User_AB6457,52.0,1797.24,Pending
User_AB5099,,178.37,200
User_AB7606,26.0,4528.03,404
User_AB2653,39.0,3033.37,200
User_AB5264,62.0,4009.85,500
User_AB8321,32.0,1344.44,404
User_AB4232,19.0,4512.68,200
,58.0,3648.15,200
User_AB4686,34.0,4247.1,500
User_AB9306,41.0,4911.46,404
User_AB6421,24.0,3423.73,404
,64.0,4581.83,500
User_AB2451,56.0,2418.2,500
,51.0,3346.03,500
User_AB5554,21.0,3211.19,500
User_AB2456,58.0,1411.63,404
User_AB4335,21.0,2566.67,404
User_AB5840,29.0,4794.12,404
User_AB2499,56.0,732.81,500
User_AB3277,46.0,251.74,500
User_AB4536,,3435.85,200
,48.0,1369.79,500
User_AB1493,29.0,872.15,500
User_AB2731,19.0,300.04,404
User_AB9002,37.0,4525.11,200
User_AB1103,57.0,1514.64,404
,65.0,3673.6,200
User_AB1658,59.0,1322.5,500
User_AB2913,31.0,120.65,200
User_AB6870,53.0,1897.79,200
User_AB3580,31.0,3417.81,500
User_AB7578,54.0,2897.88,500
User_AB5211,30.0,1204.45,500
User_AB5196,22.0,4988.76,200
User_AB4846,,3429.99,200
User_AB9661,26.0,1739.81,500
User_AB1346,44.0,2179.88,404
User_AB8912,62.0,2709.87,500
User_AB1784,,2540.26,500
User_AB5980,51.0,4447.1,200
User_AB5379,22.0,1674.72,404
User_AB6155,40.0,2422.23,500
User_AB3397,25.0,3487.21,200
User_AB2530,42.0,3720.22,404
User_AB6340,31.0,2056.04,200
,24.0,4531.35,500
User_AB3487,45.0,4480.85,404
User_AB5220,64.0,1327.57,200
User_AB9612,21.0,1604.5,404
User_AB4208,46.0,1628.12,200
User_AB9575,42.0,2054.49,404
User_AB8874,43.0,2380.95,200
User_AB2793,36.0,2007.89,404
User_AB8991,22.0,2282.66,200
User_AB4048,63.0,3969.4,404
User_AB8370,57.0,4174.31,200
User_AB6304,21.0,1410.67,200
User_AB5820,23.0,4137.58,200
User_AB6165,51.0,420.96,200
User_AB1910,49.0,4875.42,200
User_AB2889,59.0,331.25,404
User_AB8661,24.0,3696.74,Pending
User_AB2254,54.0,316.06,200
User_AB2276,24.0,1505.66,500
User_AB1461,63.0,4630.62,404
User_AB1320,19.0,3470.2,404
User_AB1625,26.0,1500.54,404
User_AB6538,,4689.54,OK
User_AB6926,32.0,2060.16,200
User_AB1481,,3148.18,404
User_AB9366,23.0,4283.07,500
User_AB8441,55.0,396.12,500
User_AB7282,30.0,4337.87,200
User_AB1350,45.0,4473.27,404
,30.0,1557.34,500
User_AB2796,65.0,3950.02,404
User_AB3874,60.0,594.38,500
User_AB5435,34.0,278.48,500
User_AB2274,45.0,3769.09,200
User_AB3637,48.0,3250.5,500
User_AB2395,,2090.72,200
User_AB5581,33.0,370.6,500
,25.0,613.89,200
,,4751.93,500
User_AB5520,42.0,1209.24,500
User_AB7752,31.0,2047.85,200
User_AB5977,18.0,1541.64,200
User_AB1526,35.0,1809.94,200
,39.0,1379.72,Pending
User_AB7594,47.0,2436.71,500
User_AB2832,24.0,4898.25,200
User_AB1546,,3639.27,500
User_AB3140,35.0,1963.23,404
User_AB5849,53.0,2295.0,404
User_AB5979,54.0,1607.68,200
User_AB7458,44.0,4988.85,404
User_AB7112,51.0,784.42,200
User_AB6417,43.0,4897.49,404
User_AB5772,33.0,1237.58,500
User_AB5974,43.0,417.54,200
User_AB1742,64.0,4424.33,200
User_AB5634,23.0,370.66,404
User_AB1213,47.0,1473.11,500
User_AB9373,58.0,3207.08,500
User_AB6161,57.0,2667.76,404
User_AB6763,63.0,3742.91,404
User_AB5262,50.0,1770.83,500
User_AB3801,36.0,1504.44,200
User_AB6466,51.0,1761.19,200
User_AB4756,56.0,1803.28,500
User_AB6089,,2279.39,200
User_AB4479,65.0,717.26,404
User_AB6953,41.0,3959.11,500
User_AB4923,40.0,1948.14,404
User_AB6317,29.0,4009.26,500
User_AB5004,52.0,4583.96,500
User_AB7247,61.0,4540.29,200
User_AB4852,63.0,684.99,200
User_AB5750,,711.38,200
User_AB4591,29.0,2395.46,200
User_AB3776,27.0,2741.41,200
User_AB2039,30.0,4135.59,500
User_AB1960,65.0,4703.08,404
User_AB9309,,1009.21,200
User_AB8301,,1102.8,500
User_AB3412,46.0,654.44,500
User_AB9624,,2930.5,500
User_AB6140,24.0,3096.51,500
User_AB7947,56.0,1305.83,500
User_AB4771,28.0,3522.92,200
User_AB7517,20.0,2237.8,404
User_AB2896,51.0,1445.66,404
User_AB9904,54.0,3441.94,404
User_AB8837,64.0,175.83,Pending
User_AB2079,18.0,3811.62,404
User_AB1571,28.0,4769.92,404
User_AB6781,,3866.69,200
User_AB3229,24.0,4721.08,200
User_AB1537,,4244.66,500
User_AB1044,18.0,2662.94,404
User_AB7721,51.0,4493.01,404
User_AB2510,34.0,3251.88,404
User_AB1968,43.0,3544.04,200
User_AB3564,32.0,3204.52,404
User_AB1424,45.0,4993.95,500
,53.0,709.93,500
User_AB1067,47.0,1625.68,500
User_AB1096,25.0,4486.93,500
User_AB9152,45.0,1231.01,404
User_AB2665,64.0,455.25,500
User_AB8526,39.0,3192.65,500
User_AB5654,59.0,2045.12,200
User_AB5242,51.0,1057.39,500
User_AB2562,50.0,3150.13,500
User_AB5979,30.0,3936.63,404
User_AB5133,35.0,1401.6,200
User_AB1827,20.0,4165.55,404
User_AB7737,52.0,4025.89,500
User_AB2369,,2663.75,404
User_AB8646,34.0,402.69,200
User_AB2261,61.0,2057.69,500
User_AB7052,42.0,3364.14,404
User_AB7212,21.0,4020.42,200
User_AB3959,,4968.23,Pending
User_AB7855,19.0,1224.32,200
User_AB4625,52.0,226.77,500
User_AB6491,30.0,1766.68,404
User_AB6350,29.0,4000.4,404
User_AB6523,32.0,3529.4,200
User_AB8335,32.0,747.35,404
User_AB5068,,1139.44,404
User_AB2363,42.0,1536.31,404
User_AB6456,52.0,1858.69,200
User_AB5945,63.0,2289.24,200
User_AB4898,43.0,2414.03,500
User_AB5318,48.0,3029.22,500
User_AB8817,54.0,580.78,500
User_AB4874,58.0,2062.88,404
User_AB9546,29.0,1686.53,200
User_AB9003,27.0,2597.3,500
User_AB7324,42.0,4721.15,500
User_AB3002,41.0,1684.37,200
User_AB2791,33.0,4199.95,404
User_AB6391,39.0,936.32,200
User_AB1885,48.0,4972.64,404
User_AB1341,61.0,1570.63,404
User_AB1558,58.0,4792.6,500
User_AB5302,44.0,1210.31,404
User_AB3820,20.0,4425.2,200
User_AB7997,34.0,3249.5,404
User_AB5325,20.0,1743.32,200
User_AB1663,24.0,4904.52,200
,23.0,3673.37,200
User_AB9841,57.0,4051.54,404
User_AB3293,31.0,882.25,404
User_AB5651,,2808.25,500
User_AB1017,19.0,1321.94,500
User_AB9925,56.0,1468.55,200
User_AB3211,49.0,3799.63,500
User_AB2007,34.0,3099.22,OK
User_AB9669,33.0,4755.35,200
User_AB5378,49.0,3519.39,404
User_AB7412,63.0,4265.69,200
User_AB1241,53.0,4129.13,500
User_AB2159,56.0,4847.12,404
User_AB8662,46.0,4772.0,500
,48.0,209.97,200
User_AB9652,55.0,805.95,404
User_AB9803,21.0,3200.28,200
User_AB7581,51.0,2609.07,Pending
User_AB9667,44.0,4442.12,500
User_AB6726,45.0,489.18,200
User_AB7981,20.0,3224.4,OK
User_AB7982,56.0,4965.93,500
User_AB2159,56.0,4847.12,404
User_AB3490,52.0,2635.55,500
User_AB1370,57.0,1268.39,500
User_AB4121,,440.32,500
User_AB9022,49.0,3851.59,404
User_AB1306,44.0,1718.75,404
User_AB3453,61.0,2958.08,500
User_AB5756,44.0,788.31,500
User_AB5468,38.0,3817.28,200
User_AB4495,44.0,4599.01,OK
User_AB9284,37.0,1609.56,200
User_AB2425,25.0,3822.49,200
User_AB5212,33.0,4410.76,500
User_AB5196,55.0,873.0,200
User_AB6826,58.0,3982.23,500
User_AB9538,52.0,2135.58,200
User_AB9665,,360.04,404
User_AB3944,33.0,2708.38,500
User_AB4645,65.0,3319.79,Error
,62.0,1773.76,500
User_AB2628,35.0,1873.23,500
User_AB5117,21.0,1549.69,200
User_AB8663,24.0,3214.22,OK
User_AB8457,55.0,4579.12,404
User_AB3123,38.0,798.69,500
User_AB9355,23.0,2428.0,500
User_AB2495,21.0,591.17,404
User_AB4255,63.0,1782.08,200
User_AB4956,22.0,1068.51,500
User_AB2973,31.0,2986.14,OK
User_AB3010,49.0,227.46,200
User_AB9274,57.0,4815.87,Pending
User_AB2247,58.0,756.27,404
User_AB9097,42.0,4446.77,200
User_AB3617,20.0,1893.17,200
User_AB7824,51.0,1491.75,200
User_AB8406,56.0,1275.82,500
User_AB7773,62.0,102.12,404
User_AB3191,19.0,3172.75,200
User_AB1195,55.0,3619.08,404
User_AB8673,47.0,899.29,500
User_AB1779,46.0,3297.31,404
,59.0,2031.97,404
User_AB5931,34.0,898.38,200
User_AB7147,31.0,3471.83,404
User_AB5258,35.0,213.05,200
User_AB2684,50.0,1506.7,500
User_AB7778,,4257.22,404
User_AB3091,53.0,1193.03,200
User_AB8116,27.0,2923.51,404
User_AB5412,49.0,2551.91,500
User_AB1514,40.0,3507.31,500
User_AB3751,43.0,4218.72,404
User_AB2952,30.0,4682.47,404
User_AB1002,21.0,392.06,404
User_AB8221,25.0,2863.96,200
User_AB2593,28.0,4189.42,500
User_AB1785,30.0,4849.47,Error
User_AB3911,54.0,2398.73,404
User_AB3694,38.0,4375.32,500
User_AB3322,28.0,4111.07,404
User_AB8301,53.0,4112.73,200
User_AB4814,64.0,129.6,500
User_AB3728,,1570.92,404
User_AB8098,44.0,1120.89,200
User_AB7894,51.0,3948.26,500
User_AB4317,60.0,3861.99,500
,57.0,4574.37,200
User_AB6237,19.0,2958.98,500
User_AB1972,63.0,718.39,404
User_AB3225,26.0,557.42,200
User_AB5556,23.0,201.27,200
User_AB9839,37.0,2106.15,200
,32.0,4923.6,200
User_AB2824,47.0,119.14,500
User_AB7649,29.0,4126.51,200
User_AB7169,20.0,3318.16,200
User_AB9709,38.0,3673.1,404
User_AB2568,43.0,1179.32,404
User_AB4161,56.0,3077.49,Error
User_AB4475,54.0,290.43,500
User_AB5586,44.0,250.26,404
User_AB4959,62.0,4418.33,404
User_AB2407,20.0,2257.16,404
User_AB8331,27.0,3787.47,404
User_AB4588,44.0,280.02,404
User_AB1620,33.0,4260.99,404
User_AB9473,57.0,1124.1,404
User_AB8326,19.0,3788.17,500
User_AB8426,45.0,4022.62,404
User_AB6911,38.0,368.18,200
User_AB9093,47.0,784.42,500
User_AB9128,46.0,1621.18,404
User_AB8506,61.0,4310.05,500
User_AB9136,21.0,3789.49,404
User_AB5038,,2497.38,404
User_AB1211,64.0,1820.12,404
User_AB1521,18.0,704.58,404
User_AB1845,,624.07,404
User_AB2989,25.0,1315.68,200
User_AB5384,29.0,1244.0,404
User_AB6762,58.0,460.03,500
User_AB9346,56.0,4179.74,500
User_AB6037,56.0,4874.71,404
User_AB3121,19.0,118.71,200
User_AB4907,19.0,4182.29,Error
,51.0,1949.94,500
User_AB3673,44.0,1912.85,404
User_AB3366,32.0,2173.08,200
User_AB2780,41.0,3840.12,500
User_AB9209,25.0,4861.23,500
User_AB5879,57.0,1261.59,404
User_AB7244,64.0,2868.86,200
User_AB6929,30.0,1890.78,404
User_AB9272,30.0,4511.12,200
User_AB8621,29.0,3407.96,404
User_AB5893,62.0,812.27,404
User_AB8829,,124.89,200
User_AB5687,45.0,2995.67,200
User_AB2438,32.0,4411.73,500
User_AB7207,61.0,1290.23,404
User_AB6267,54.0,1367.96,404
User_AB2548,37.0,4382.54,500
User_AB5464,22.0,1754.97,404
User_AB2271,,3361.21,500
User_AB6841,49.0,607.55,404
User_AB9176,56.0,3608.13,500
User_AB9862,62.0,2712.12,200
User_AB9036,34.0,3986.72,404
User_AB5695,,3848.96,500
User_AB5263,33.0,3520.84,500
User_AB9078,56.0,990.65,200
User_AB2301,55.0,782.94,500
User_AB9749,28.0,4941.78,200
User_AB7065,20.0,1645.43,500
User_AB1877,43.0,2329.15,200
User_AB2174,35.0,2979.43,500
User_AB5618,44.0,4669.94,200
User_AB2370,50.0,3618.7,404
User_AB1127,34.0,1843.5,Error
User_AB2468,30.0,4588.81,404
User_AB4149,60.0,3981.47,404
User_AB3607,22.0,4929.27,200
User_AB9970,39.0,1736.79,200
User_AB8820,61.0,1241.38,200
User_AB7263,56.0,3248.17,500
User_AB2773,,621.53,500
User_AB7272,33.0,3319.72,200
User_AB8057,25.0,953.75,404
User_AB3259,36.0,606.18,200
,26.0,3601.24,200
User_AB4328,37.0,4642.91,200
User_AB5219,26.0,3925.89,404
User_AB7904,60.0,3749.56,404
User_AB4309,28.0,2350.91,OK
User_AB6856,,926.94,200
,22.0,2927.28,200
User_AB9196,23.0,1942.74,200
User_AB7640,61.0,3542.91,500
User_AB1427,40.0,4322.03,200
User_AB5303,43.0,153.4,200
User_AB4399,21.0,3230.56,200
User_AB2551,,1522.73,404
User_AB7829,,153.26,200
User_AB7422,,151.42,404
User_AB7219,39.0,4841.64,404
User_AB5644,18.0,804.18,404
User_AB7247,61.0,4540.29,200
User_AB7316,,4942.46,200
User_AB8323,37.0,1406.05,OK
User_AB4204,39.0,4130.81,200
User_AB6420,54.0,4651.68,200
User_AB8849,51.0,294.07,404
User_AB7934,,2760.74,404
User_AB4783,52.0,1483.92,500
User_AB7645,38.0,3931.13,200
User_AB3759,40.0,3768.66,404
User_AB7644,54.0,2387.67,404
User_AB1613,41.0,1053.75,404
User_AB4428,53.0,2074.88,200
User_AB5039,30.0,1594.42,500
User_AB7445,26.0,974.23,200
User_AB7197,55.0,4599.06,200
User_AB9587,42.0,1608.47,500
User_AB7522,40.0,965.86,500
User_AB7092,43.0,1011.93,500
User_AB3224,55.0,2160.82,500
User_AB5491,62.0,1732.1,200
User_AB1707,61.0,4843.46,404
User_AB3595,52.0,783.18,404
User_AB3316,40.0,129.45,404
User_AB4823,35.0,1822.05,404
User_AB5888,24.0,2927.44,500
User_AB4440,20.0,1387.06,500
User_AB3702,31.0,2547.49,500
User_AB5841,62.0,3905.27,200
User_AB2263,40.0,702.23,200
User_AB8047,,636.01,500
User_AB8874,26.0,4706.59,500
User_AB2122,29.0,4881.2,200
User_AB9180,,392.48,500
User_AB3619,43.0,2774.2,500
User_AB8666,52.0,1758.5,500
User_AB6173,18.0,3651.71,404
User_AB2197,23.0,1635.57,404
User_AB2871,,3085.09,404
User_AB7483,,1447.29,500
User_AB8423,52.0,4417.08,200
User_AB2641,55.0,219.06,404
User_AB7984,20.0,2986.4,500
User_AB7833,34.0,2665.71,200
User_AB9782,53.0,585.78,200
User_AB4150,42.0,2491.19,500
User_AB4036,53.0,3844.74,200
User_AB9616,46.0,3964.89,200
User_AB9201,,4359.84,200
User_AB5565,49.0,1674.97,200
User_AB1900,63.0,971.25,200
User_AB9928,,130.99,500
User_AB2061,,3360.11,200
User_AB1605,33.0,379.7,500
User_AB7600,33.0,3639.44,404
User_AB7544,18.0,1327.93,200
User_AB5349,,3527.17,404
,43.0,1626.53,200
User_AB6203,58.0,2655.0,500
User_AB9011,19.0,286.13,500
User_AB3626,41.0,1251.6,404
User_AB5841,37.0,3986.99,500
User_AB1375,44.0,1319.86,OK
User_AB7003,37.0,1549.26,Error
User_AB6450,64.0,257.34,500
User_AB4343,48.0,4309.6,200
User_AB9780,27.0,726.57,500
User_AB1206,,4242.99,200
User_AB8942,45.0,4694.23,500
User_AB9814,32.0,2172.11,200
User_AB1541,43.0,272.27,200
User_AB7840,65.0,2875.47,500
User_AB5967,40.0,4659.2,200
User_AB5604,38.0,3342.25,200
User_AB8337,48.0,2554.65,200
,24.0,685.11,200
User_AB1080,29.0,4319.46,500
User_AB2730,41.0,4951.44,200
User_AB9019,24.0,745.29,404
User_AB7156,56.0,2256.56,404
User_AB5546,,2497.74,500
User_AB5685,32.0,4549.33,404
User_AB1914,56.0,4690.46,404
User_AB4695,62.0,1676.99,500
User_AB2357,,4238.39,404
User_AB5241,59.0,4095.65,500
User_AB2541,51.0,4307.37,500
User_AB6730,53.0,4196.17,200
User_AB5529,30.0,4376.75,404
User_AB5497,53.0,2254.02,500
User_AB1135,35.0,391.23,200
User_AB9561,40.0,3291.36,404
User_AB6904,31.0,4224.5,404
User_AB2978,26.0,826.41,404
User_AB2200,58.0,2407.57,404
User_AB1111,37.0,170.71,404
User_AB8529,62.0,4040.23,404
User_AB9351,33.0,2294.69,OK
User_AB2852,63.0,1291.65,500
User_AB1869,20.0,758.88,404
User_AB3756,38.0,1315.16,200
User_AB3447,45.0,3934.63,500
User_AB6067,54.0,757.12,200
User_AB3301,18.0,2739.78,200
User_AB5280,29.0,4900.27,500
User_AB9951,61.0,1167.68,404
User_AB8020,44.0,3724.99,200
User_AB8035,41.0,2323.6,500
User_AB1293,31.0,923.59,500
User_AB2278,30.0,3331.72,200
User_AB1839,49.0,1963.27,500
User_AB8148,39.0,4640.85,500
,52.0,3991.16,200
User_AB3851,23.0,3382.57,500
,43.0,2205.83,404
User_AB2025,24.0,149.79,500
User_AB9661,27.0,660.45,404
User_AB5349,50.0,4626.62,404
User_AB8762,25.0,4105.08,200
User_AB2507,58.0,4743.59,500
User_AB8165,,731.69,200
User_AB4233,58.0,4394.66,500
User_AB8970,18.0,3140.33,200
User_AB3049,,3359.47,200
User_AB9531,50.0,357.49,404
User_AB6477,33.0,4523.96,500
User_AB4310,29.0,1621.1,500
User_AB8344,54.0,3539.52,404
User_AB6495,51.0,1957.44,200
User_AB4026,41.0,2960.0,500
User_AB3882,63.0,580.85,404
User_AB4688,53.0,2225.75,404
User_AB6613,23.0,1836.2,200
User_AB8405,65.0,1263.2,200
User_AB6833,37.0,1085.88,500
User_AB8235,,1278.84,200
,35.0,4073.34,500
User_AB8993,65.0,1639.84,200
User_AB4972,41.0,248.22,500
User_AB2338,51.0,4486.93,404
User_AB8510,43.0,1127.13,500
User_AB9023,28.0,2233.81,500
User_AB2460,,577.79,404
User_AB4651,29.0,419.69,200
User_AB9301,25.0,4235.29,500
User_AB8923,21.0,390.56,404
,62.0,1412.02,200
User_AB1650,,3515.39,404
User_AB2736,33.0,4510.76,404
User_AB6759,63.0,663.92,200
User_AB8843,27.0,3487.0,404
User_AB1179,38.0,3742.37,200
User_AB7442,22.0,1707.21,500
User_AB3244,55.0,1900.19,500
User_AB3116,64.0,4054.55,500
User_AB6544,65.0,4613.38,404
User_AB2339,,750.89,500
User_AB5642,59.0,4388.56,OK
User_AB7575,,425.49,500
User_AB2908,22.0,771.48,404
User_AB9833,29.0,377.38,500
User_AB1689,64.0,1433.31,200
User_AB3992,,4782.36,200
User_AB8430,22.0,531.25,500
User_AB5213,53.0,2571.32,404
User_AB3924,65.0,4876.22,200
User_AB3749,45.0,3804.71,200
User_AB1940,21.0,4231.07,200
User_AB8778,52.0,4746.0,500
User_AB9939,30.0,994.02,404
User_AB6680,26.0,1564.1,500
User_AB1965,63.0,1154.41,404
User_AB3964,32.0,557.28,Error
User_AB3315,49.0,2029.12,500
User_AB9699,55.0,3141.57,200
User_AB3240,39.0,2651.45,200
User_AB7633,51.0,3731.94,200
User_AB4249,55.0,2960.53,404
User_AB3465,29.0,4139.99,200
User_AB5670,27.0,4628.95,500
User_AB5277,52.0,2222.72,404
User_AB6765,24.0,3756.15,200
User_AB8010,63.0,3497.2,200
User_AB4252,20.0,1504.2,200
,53.0,4927.14,500
User_AB8988,29.0,4070.43,500
User_AB3867,,4317.99,500
User_AB9470,52.0,4323.72,404
User_AB9657,48.0,2549.99,500
User_AB1467,23.0,2375.1,404
User_AB8001,,1202.9,500
User_AB4787,35.0,3798.57,200
User_AB8340,43.0,1618.87,500
,24.0,2547.6,500
User_AB8696,51.0,1341.32,404
User_AB4236,64.0,368.29,500
User_AB1082,,2296.3,200
User_AB9638,54.0,1960.13,500
User_AB1492,55.0,1275.5,500
User_AB9299,29.0,2049.26,404
User_AB1124,35.0,2680.84,404
User_AB8949,22.0,4174.73,200
User_AB8944,46.0,2503.12,404
User_AB5044,48.0,314.36,200
User_AB9361,57.0,2213.67,404
User_AB3859,59.0,1854.13,500
User_AB4304,57.0,3874.2,500
User_AB5339,52.0,662.46,500
User_AB3983,29.0,202.05,404
User_AB5137,63.0,4946.89,404
User_AB3279,55.0,1425.05,500
User_AB3190,53.0,4770.36,404
User_AB7234,,1746.59,404
User_AB1477,28.0,1002.82,200
User_AB7316,52.0,3180.17,404
User_AB9041,46.0,3899.74,200
User_AB2613,54.0,2474.27,404
User_AB1630,59.0,1635.21,200
User_AB9793,19.0,4978.24,200
User_AB7792,46.0,898.57,500
User_AB3070,28.0,3587.04,500
User_AB9503,61.0,2201.84,200
User_AB7137,38.0,2603.96,200
,41.0,3225.47,404
User_AB6057,52.0,4580.01,500
User_AB7324,59.0,2336.79,404
User_AB4130,52.0,4816.83,500
User_AB1219,27.0,317.12,200
User_AB1584,20.0,4248.95,404
User_AB4147,,2792.43,500
User_AB7211,52.0,3359.71,404
User_AB6977,41.0,1633.96,500
User_AB5817,44.0,1652.59,404
User_AB2581,21.0,4169.74,500
User_AB9061,31.0,2062.07,500
User_AB4767,43.0,1501.17,500
User_AB5816,24.0,1765.79,404
User_AB8967,20.0,398.3,404
User_AB2961,31.0,1826.14,404
User_AB1142,47.0,794.69,500
User_AB1234,40.0,4568.01,500
User_AB2410,43.0,1428.48,404
User_AB3704,53.0,530.67,200
User_AB3754,64.0,151.35,404
,59.0,4954.19,500
User_AB4183,39.0,2248.79,404
User_AB1112,31.0,3870.29,404
User_AB7555,27.0,4700.97,500
User_AB9906,45.0,4611.01,200
,62.0,1961.86,200
User_AB9872,39.0,4065.2,404
User_AB6878,64.0,353.17,200
User_AB1118,49.0,1153.7,500
User_AB2524,19.0,1423.44,500
User_AB8474,,1699.2,404
User_AB2247,44.0,4340.96,200
User_AB7232,50.0,4889.92,500
User_AB9979,49.0,410.11,Error
User_AB1953,37.0,2480.64,500
User_AB7103,35.0,3896.88,200
User_AB8556,41.0,592.28,500
User_AB3985,50.0,4471.13,500
User_AB6092,,3502.07,500
User_AB7821,55.0,3519.73,500
User_AB5368,41.0,207.3,200
User_AB8369,35.0,4588.78,404
User_AB1804,40.0,1194.42,200
User_AB3388,49.0,2852.28,404
User_AB8136,52.0,1907.6,500
User_AB4782,45.0,462.23,500
User_AB5698,24.0,2328.91,200
User_AB9589,27.0,966.9,500
User_AB9255,50.0,2270.59,404
User_AB9602,22.0,241.15,404
User_AB7863,28.0,4148.38,200
User_AB6292,29.0,3925.78,404
User_AB5543,25.0,1380.12,404
User_AB1965,,2435.61,500
User_AB3951,28.0,1350.15,200
User_AB3888,41.0,491.22,Pending
User_AB3240,39.0,2651.45,200
User_AB2451,,1080.22,500
User_AB6969,36.0,1272.73,404
,33.0,4500.55,200
User_AB4591,28.0,275.72,404
User_AB1728,44.0,317.34,404
User_AB4050,22.0,4412.73,200
User_AB4721,29.0,3072.04,404
User_AB5468,36.0,2661.19,200
User_AB3674,19.0,2115.46,500
User_AB9215,,4464.87,200
User_AB8038,36.0,1385.23,200
User_AB5300,25.0,1676.81,OK
User_AB7001,49.0,2355.16,200
User_AB5106,62.0,4473.23,404
User_AB5768,32.0,1120.35,404
User_AB6375,38.0,1568.22,200
User_AB1154,30.0,486.75,404
User_AB7781,59.0,1572.37,500
User_AB1268,40.0,4596.1,404
User_AB4166,54.0,3556.75,500
User_AB6142,19.0,1956.13,200
User_AB5348,,3855.54,404
User_AB1426,45.0,4040.18,500
User_AB8428,49.0,1657.06,200
User_AB4999,65.0,4726.16,200
User_AB4989,22.0,790.07,500
User_AB7004,23.0,1753.84,404
User_AB6963,20.0,842.88,500
User_AB9128,39.0,3128.63,404
User_AB7517,48.0,2268.51,200
,46.0,1708.15,404
User_AB2780,38.0,1636.63,404
User_AB7810,24.0,4380.83,500
User_AB9326,52.0,3478.48,200
User_AB7000,44.0,2554.17,200
User_AB4166,,427.53,404
User_AB5392,18.0,4951.69,200
User_AB3560,59.0,4313.18,200
User_AB3830,55.0,1323.61,404
,,3954.5,OK
User_AB6362,25.0,3529.09,404
User_AB4110,64.0,2071.94,500
User_AB6766,29.0,4342.99,404
User_AB2990,61.0,797.12,500
User_AB3757,23.0,1734.61,404
User_AB7048,31.0,2124.4,500
User_AB8290,32.0,2795.07,500
User_AB3644,60.0,1573.84,200
User_AB6026,63.0,1248.9,404
,24.0,763.02,404
User_AB1197,35.0,1658.82,500
User_AB3972,18.0,1343.84,500
User_AB7137,38.0,4681.96,500
User_AB7046,50.0,4394.96,404
User_AB5316,62.0,4935.68,404
User_AB4852,50.0,687.12,200
User_AB6701,62.0,2686.44,404
User_AB8432,58.0,4688.08,500
User_AB1051,41.0,4726.63,500
User_AB4654,42.0,2282.96,500
User_AB9230,19.0,106.59,404
User_AB9189,18.0,3907.69,Error
User_AB6418,64.0,1771.41,200
User_AB4373,51.0,3762.07,500
User_AB1035,28.0,1823.78,500
User_AB1399,27.0,3637.82,OK
User_AB2325,65.0,713.89,404
User_AB8219,23.0,2408.93,500
User_AB1704,65.0,4185.07,404
User_AB1899,43.0,1885.03,404
User_AB3575,45.0,137.93,500
,44.0,4023.01,404
User_AB2796,43.0,426.49,200
User_AB5521,65.0,1339.93,200
User_AB4736,32.0,1079.51,404
User_AB9483,22.0,4866.82,500
User_AB9986,,626.09,500
User_AB9696,41.0,4725.17,500
,22.0,1718.4,200
User_AB5001,51.0,4730.63,500
User_AB2761,50.0,4531.18,500
,35.0,1216.87,500
User_AB2564,,1304.77,404
User_AB6971,19.0,2704.24,500
User_AB4703,,4201.46,404
User_AB4978,64.0,438.87,200
User_AB9123,,4356.93,404
User_AB3826,60.0,3214.61,200
User_AB4997,29.0,1822.8,500
User_AB1189,39.0,3548.55,404
User_AB3371,33.0,4927.32,Pending
User_AB3064,57.0,3945.74,200
User_AB5717,45.0,2120.52,Error
,,4042.55,200
User_AB2746,61.0,4995.79,500
User_AB8571,37.0,2961.63,404
User_AB6278,32.0,2268.0,404
User_AB2216,,3093.05,500
User_AB5511,43.0,958.99,200
User_AB8214,19.0,2812.52,500
User_AB6197,37.0,2388.68,500
User_AB3446,27.0,1651.81,404
User_AB5195,26.0,1409.44,404
User_AB2895,32.0,4000.7,200
User_AB1841,31.0,4313.89,200
User_AB1446,43.0,2577.67,404
User_AB4349,61.0,3551.29,404
,55.0,3114.56,200
User_AB2982,25.0,1520.17,500
User_AB3384,19.0,1052.01,200
User_AB9353,35.0,1542.05,404
User_AB2058,35.0,4611.94,500
User_AB9108,33.0,4376.56,404
User_AB7118,51.0,921.37,200
,62.0,3328.94,200
User_AB3831,47.0,334.68,200
User_AB9553,44.0,2745.52,200
User_AB5467,46.0,3129.19,404
User_AB9801,54.0,251.71,404
User_AB4704,31.0,1361.53,500
User_AB6762,64.0,1122.93,200
User_AB2178,36.0,4116.41,200
User_AB8789,41.0,2375.0,500
,,3649.34,200
User_AB4360,37.0,3893.82,500
User_AB9005,22.0,1540.37,Pending
User_AB9632,,1405.78,404
User_AB3252,,3806.5,500
User_AB1665,43.0,704.82,500
User_AB7136,23.0,1856.31,500
User_AB1263,49.0,1806.1,500
User_AB4331,,2100.85,500
User_AB3033,36.0,1594.04,200
User_AB5395,62.0,2992.35,404
User_AB1482,55.0,3208.7,200
User_AB2572,33.0,4275.15,500
User_AB9796,63.0,3067.32,500
User_AB2219,43.0,944.19,404
User_AB8303,57.0,679.64,404
User_AB2694,38.0,2332.72,404
User_AB1045,46.0,3579.75,500
User_AB1414,57.0,2980.32,200
User_AB9157,60.0,2682.04,Error
User_AB4997,43.0,2045.56,200
User_AB4699,27.0,2127.03,404
User_AB2598,52.0,807.36,200
User_AB7087,59.0,3591.83,200
User_AB8834,22.0,3821.44,Pending
User_AB2774,,1158.51,404
User_AB1253,56.0,3550.67,200
User_AB2361,48.0,3092.91,200
User_AB2666,51.0,4677.12,200
User_AB6392,39.0,4247.83,500
User_AB3034,42.0,3575.68,404
User_AB8716,20.0,2801.28,404
User_AB2745,34.0,3645.57,200
User_AB8670,41.0,3678.84,500
User_AB2269,64.0,1313.55,200
User_AB7964,,4152.3,200
User_AB6931,60.0,1829.99,200
User_AB7375,,1795.08,404
User_AB6833,50.0,3880.51,404
User_AB1433,54.0,2985.82,404
User_AB1920,32.0,1952.57,500
User_AB5086,51.0,1155.96,500
User_AB5183,18.0,1429.53,500
User_AB4190,42.0,1912.46,200
,51.0,4424.62,404
User_AB2346,45.0,3063.21,404
User_AB3820,57.0,150.16,Pending
User_AB2087,,4507.94,500
User_AB4772,41.0,3420.46,404
User_AB8588,,999.01,500
User_AB5446,56.0,3881.17,200
User_AB9333,,1509.45,200
User_AB1546,,3374.25,500
User_AB3299,19.0,1921.0,500
User_AB1076,55.0,3462.94,404
User_AB3093,20.0,290.16,200
User_AB6149,41.0,2843.3,404
User_AB6555,65.0,1362.6,Error
User_AB7605,58.0,624.23,200
User_AB2714,25.0,1077.62,500
User_AB2880,50.0,1744.63,404
User_AB7616,50.0,3127.32,404
User_AB6571,37.0,1303.99,200
User_AB3862,46.0,3133.02,404
User_AB5465,58.0,3160.56,200
User_AB8963,52.0,773.57,500
User_AB6510,48.0,3282.17,500
User_AB2088,27.0,842.44,404
User_AB2932,,3239.92,200
User_AB7047,27.0,914.39,500
User_AB5720,63.0,2981.97,404
,38.0,1074.59,200
User_AB2846,58.0,4021.49,200
User_AB5070,26.0,4333.21,404
User_AB5328,62.0,1419.87,404
User_AB6973,43.0,385.57,200
User_AB2376,,3602.52,200
User_AB9211,26.0,3578.06,200
User_AB5491,,3288.94,500
User_AB2448,36.0,2994.85,500
User_AB9107,27.0,2102.94,404
User_AB6653,22.0,3199.03,500
User_AB7593,19.0,2856.45,404
User_AB8498,25.0,175.29,404
User_AB6479,50.0,3643.22,404
User_AB8651,30.0,3435.87,500
User_AB2137,54.0,4497.86,200
User_AB9426,36.0,3385.94,500
User_AB3745,19.0,3424.98,500
User_AB2308,56.0,3394.18,200
User_AB2601,28.0,107.1,200
User_AB5408,51.0,2956.62,200
User_AB2721,30.0,3963.62,404
User_AB2151,53.0,768.62,500
User_AB9999,65.0,4099.79,404
User_AB3320,27.0,1080.09,404
User_AB7521,24.0,2978.02,200
User_AB3689,45.0,893.97,200
User_AB5361,18.0,1411.6,500
User_AB2541,34.0,299.01,404
User_AB5737,55.0,1972.08,404
User_AB6119,45.0,1984.23,200
User_AB9693,53.0,775.34,404
User_AB7920,55.0,4311.04,200
User_AB3594,,4409.15,404
User_AB8848,33.0,1118.37,500
User_AB9786,56.0,4684.23,404
User_AB8045,47.0,4636.69,404
User_AB3632,38.0,2253.0,404
User_AB9330,58.0,2735.19,500
User_AB6023,31.0,1868.19,200
User_AB5817,44.0,2413.2,500
User_AB5646,31.0,1255.93,500
User_AB6685,27.0,1486.01,Error
User_AB2599,54.0,1482.21,404
User_AB6976,51.0,3058.17,500
User_AB3601,30.0,1168.89,404
User_AB6933,21.0,3208.53,404
User_AB5525,,2934.62,200
User_AB6754,25.0,4076.73,404
User_AB3970,65.0,757.16,500
User_AB8946,36.0,4804.38,404
User_AB9713,29.0,3751.63,404
User_AB3838,48.0,1921.7,200
User_AB5922,36.0,4810.84,404
User_AB7445,22.0,3707.0,500
User_AB8897,61.0,2606.12,200
User_AB4265,25.0,3017.68,500
User_AB7751,43.0,3121.58,404
User_AB7015,,2778.41,200
User_AB4917,32.0,439.9,200
User_AB3893,45.0,3741.55,500
User_AB2993,52.0,4978.24,200
User_AB7241,58.0,1227.49,200
User_AB3240,62.0,3760.53,500
User_AB3202,38.0,4003.43,404
User_AB6784,38.0,877.25,500
User_AB2959,,2990.67,500
User_AB6235,51.0,4553.61,404
User_AB6950,31.0,2289.11,200
User_AB2761,51.0,2982.44,Error
User_AB7685,64.0,798.97,Error
User_AB6858,52.0,1328.15,200
User_AB1094,34.0,3071.27,200
User_AB7781,,3212.01,200
User_AB3448,,3849.71,200
User_AB3573,30.0,4205.57,404
User_AB4376,59.0,4987.97,200
User_AB4847,,2066.65,200
User_AB9492,57.0,420.33,404
User_AB3919,,1256.43,OK
User_AB6740,61.0,305.73,500
User_AB1950,,1151.95,404
User_AB2539,34.0,4073.5,200
User_AB8897,,3875.9,200
User_AB5246,18.0,2725.27,500
,,2634.17,404
,,4120.72,404
User_AB8160,56.0,4929.35,404
User_AB7228,62.0,1692.55,404
User_AB4655,28.0,2946.88,500
User_AB1546,,3639.27,500
User_AB7475,30.0,701.61,500
User_AB7959,25.0,3673.71,200
User_AB6891,51.0,3929.15,500
User_AB1719,45.0,2019.21,404
User_AB9780,33.0,561.26,404
User_AB4424,30.0,4031.07,404
User_AB2618,45.0,1491.59,200
User_AB2477,52.0,1737.54,200
User_AB1790,55.0,4746.67,200
User_AB5040,35.0,1669.43,404
User_AB9452,63.0,529.29,200
User_AB3735,18.0,2725.83,500
,54.0,3422.16,404
User_AB7527,53.0,2717.63,404
User_AB3728,,2415.56,500
User_AB7581,63.0,1217.04,500
User_AB8491,59.0,758.11,500
User_AB4258,28.0,1618.76,404
User_AB6309,,4961.24,200
User_AB5410,51.0,2703.0,404
User_AB5679,45.0,1259.39,200
User_AB7199,23.0,2168.92,404
User_AB2989,49.0,4717.57,200
User_AB6820,,4076.1,200
User_AB7270,28.0,2592.41,200
User_AB8687,44.0,4545.02,500
User_AB2714,29.0,1858.84,200
User_AB2459,19.0,2723.51,404
User_AB2622,63.0,2772.45,404
User_AB6764,23.0,2637.3,500
User_AB4010,39.0,4829.0,500
User_AB7810,32.0,4147.18,200
User_AB6696,52.0,2664.59,200
User_AB4433,49.0,3936.13,404
User_AB4556,29.0,4204.21,500
User_AB2044,27.0,1351.52,404
User_AB9452,56.0,1389.83,200
User_AB4346,51.0,271.95,200
User_AB8702,56.0,3329.87,404
User_AB4788,38.0,1807.9,200
User_AB4568,,4194.65,404
User_AB9250,43.0,2794.85,200
User_AB3412,63.0,3816.41,500
User_AB5298,43.0,1961.71,200
User_AB4562,63.0,3649.61,404
User_AB8009,63.0,365.11,200
User_AB7239,32.0,2774.99,404
User_AB8271,41.0,271.99,500
User_AB5080,53.0,1407.68,500
,61.0,525.91,200
User_AB5531,64.0,822.03,404
User_AB7761,,3222.57,404
User_AB6666,59.0,460.55,200
User_AB1478,25.0,4522.76,500
User_AB1124,,213.5,200
User_AB1053,30.0,4198.57,200
,56.0,1083.21,200
User_AB8879,54.0,2717.26,200
User_AB9691,47.0,373.15,200
User_AB2385,59.0,4568.31,404
User_AB2619,,3594.58,500
User_AB1825,55.0,277.68,200
User_AB9295,49.0,2701.51,500
User_AB1465,42.0,1442.99,200
